sl_no,slide_no,state,district,slide_name,nh_sh_location,latitude,longitude,material_involved,movement_type,history,soil_clay_0_5cm,soil_sand_0_5cm,soil_silt_0_5cm,soil_bulk_density_0_5cm
26052,SKM/SS/78A08/2015/256,Sikkim,South Sikkim,,Melli-Sumbuk Road,27.08275,88.434778,Debris,Slide,,285,368,347,122
26053,SKM/SS/78A08/2015/254,Sikkim,South Sikkim,,Melli-Sumbuk Road,27.084222,88.446083,Debris,Slide,,258,370,372,117
26054,SKM/SS/78A08/2015/255,Sikkim,South Sikkim,,Melli-Sumbuk Road,27.084722,88.443833,Debris,Slide,,274,364,362,115
26055,SKM/SS/78A08/2015/257,Sikkim,South Sikkim,,Melli-Sumbuk Road,27.087667,88.416528,Debris,Slide,,278,378,343,118
26056,SKM/SS/78A08/2015/258,Sikkim,South Sikkim,,Melli-Sumbuk Road,27.090083,88.413139,Debris,Slide,,283,377,340,117
26057,SKM/SS/78A08/2015/259,Sikkim,South Sikkim,,Melli-Sumbuk Road,27.090944,88.406833,Debris,Slide,,276,380,344,116
26058,SKM/SS/78A08/2015/253,Sikkim,South Sikkim,,Pachekhani-Melli Road,27.093278,88.457444,Debris,Slide,,251,370,379,119
26059,SKM/SS/78A08/2015/248,Sikkim,South Sikkim,,Pachekhani-Melli Road,27.096444,88.433375,Debris,Slide,,265,362,372,114
26060,SKM/SS/78A08/2015/260,Sikkim,South Sikkim,,Melli-Sumbuk Road,27.097833,88.3785,Debris,Slide,,285,361,354,123
26061,SKM/SS/78A08/2015/245,Sikkim,South Sikkim,,Pachekhani-Melli Road,27.098417,88.400167,Debris,Slide,,277,353,369,118
26062,SKM/SS/78A08/2015/261,Sikkim,South Sikkim,,Melli-Sumbuk Road,27.101083,88.3615,Debris,Slide,,276,366,358,123
26063,SKM/SS/78A08/2015/244,Sikkim,South Sikkim,,Pachekhani-Melli Road,27.101083,88.400417,Debris,Slide,,278,359,363,116
26064,SKM/SS/78A08/2015/243,Sikkim,South Sikkim,,Pachekhani-Melli Road,27.101111,88.403333,Debris,Slide,,276,359,365,116
26065,SKM/SS/78A08/2015/247,Sikkim,South Sikkim,,Pachekhani-Melli Road,27.101194,88.394611,Debris,Slide,,287,354,359,118
26066,SKM/SS/78A08/2015/252,Sikkim,South Sikkim,,Pachekhani-Melli Road,27.102,88.458667,Debris,Slide,,263,347,389,111
26067,SKM/SS/78A08/2015/242,Sikkim,South Sikkim,,Pachekhani-Melli Road,27.1025,88.400778,Debris,Slide,,278,359,363,116
26068,SKM/SS/78A08/2015/246,Sikkim,South Sikkim,,Pachekhani-Melli Road,27.102639,88.394639,Debris,Slide,,287,354,359,118
26069,SKM/SS/78A08/2015/240,Sikkim,South Sikkim,,Pachekhani-Melli Road,27.102944,88.404667,Debris,Subsidence,,290,367,343,117
26070,SKM/SS/78A08/2015/241,Sikkim,South Sikkim,,Pachekhani-Melli Road,27.103111,88.402722,Debris,Slide,,286,367,348,116
26071,SKM/SS/78A08/2015/250,Sikkim,South Sikkim,,Pachekhani-Melli Road,27.105972,88.444556,Debris,Subsidence,,266,372,361,118
26072,SKM/SS/78A08/2015/251,Sikkim,South Sikkim,,Pachekhani-Melli Road,27.106694,88.449389,Debris,Slide,,261,370,369,117
26073,SKM/SS/78A08/2015/249,Sikkim,South Sikkim,,Pachekhani-Melli Road,27.106944,88.43375,Rock,Fall,,240,382,377,116
26074,SKM/SS/78A08/2015/262,Sikkim,South Sikkim,,Melli-Sumbuk Road,27.107417,88.363139,Debris,Slide,,267,368,366,118
26075,SKM/WS/78A08/2015/315,Sikkim,West Sikkim,,Melli-Jorethang Road,27.110583,88.340472,Debris,Slide,,257,352,392,118
26076,SKM/NS/78A04/2017/130,Sikkim,West Sikkim,,SH,27.1205,88.152722,Debris,Slide,,242,352,406,118
26077,SKM/NS/78A04/2017/131,Sikkim,West Sikkim,,SH,27.121444,88.153417,Debris,Slide,,242,352,406,118
26078,SKM/NS/78A04/2017/128,Sikkim,West Sikkim,,SH,27.1215,88.142222,Debris,Slide,,249,357,395,118
26079,SKM/NS/78A04/2017/104,Sikkim,West Sikkim,,SH,27.121611,88.237,Debris,Slide,,279,345,377,123
26080,SKM/NS/78A04/2017/129,Sikkim,West Sikkim,,SH,27.121611,88.145528,Debris,Slide,,247,353,400,118
26081,SKM/NS/78A04/2017/127,Sikkim,West Sikkim,Lower Siktam,SH,27.121917,88.139472,Rock,Slide,,248,360,392,120
26082,SKM/NS/78A04/2017/126,Sikkim,West Sikkim,,SH,27.122,88.139889,Debris,Slide,,248,360,392,120
26083,SKM/NS/78A04/2017/103,Sikkim,West Sikkim,,SH,27.122472,88.227611,Debris,Slide,,274,344,382,123
26084,SKM/SS/78A08/2015/320,Sikkim,South Sikkim,,Namchi-Kitam Road,27.122611,88.343389,Debris,Slide,,275,322,403,116
26085,SKM/NS/78A04/2017/102,Sikkim,West Sikkim,,SH,27.123833,88.225333,Debris,Slide,,272,345,383,124
26086,SKM/WS/78A08/2015/316,Sikkim,West Sikkim,,Melli-Jorethang Road,27.123889,88.319778,Debris,Slide,,273,355,372,115
26087,SKM/NS/78A04/2017/125,Sikkim,West Sikkim,Siktam,SH,27.124556,88.139778,Debris,Slide,,248,356,395,117
26088,SKM/SS/78A08/2015/314,Sikkim,South Sikkim,,Melli-Rabikhola Road,27.124778,88.445083,Debris,Slide,,246,371,383,111
26089,SKM/SS/78A08/2015/225,Sikkim,South Sikkim,,Namchi-Palum Road,27.125528,88.384556,Rock,Fall,,273,388,339,115
26090,SKM/NS/78A04/2017/123,Sikkim,West Sikkim,,SH,27.125861,88.14275,Debris,Slide,,251,346,403,116
26091,SKM/SS/78A08/2015/226,Sikkim,South Sikkim,,Namchi-Palum Road,27.126306,88.378667,Debris,Slide,,262,358,380,118
26092,SKM/SS/78A08/2015/322,Sikkim,South Sikkim,,Namchi-Kitam Road,27.126444,88.340444,Debris,Slide,,277,321,403,115
26093,SKM/WS/78A08/2015/317,Sikkim,West Sikkim,,Melli-Jorethang Road,27.126472,88.31675,Debris,Slide,,278,346,376,121
26094,SKM/WS/78A08/2015/318,Sikkim,West Sikkim,,Melli-Jorethang Road,27.127194,88.308306,Debris,Slide,,270,349,381,123
26095,SKM/WS/78A08/2015/319,Sikkim,West Sikkim,,Melli-Jorethang Road,27.12825,88.292194,Debris,Slide,,285,336,380,122
26096,SKM/NS/78A04/2017/124,Sikkim,West Sikkim,,SH,27.128333,88.148833,Rock,Slide,,251,349,400,111
26097,SKM/SS/78A08/2015/312,Sikkim,South Sikkim,,Melli-Rabikhola Road,27.128694,88.442778,Debris,Slide,,245,373,382,120
26098,SKM/NS/78A04/2017/122,Sikkim,West Sikkim,,SH,27.128694,88.141639,Debris,Slide,,250,341,409,115
26099,SKM/WS/78A08/2015/383,Sikkim,West Sikkim,,Jorthang-Malbasey Road,27.128972,88.262111,Debris,Slide,,275,347,378,125
26100,SKM/SS/78A08/2015/313,Sikkim,South Sikkim,,Melli-Rabikhola Road,27.129,88.441361,Debris,Slide,,245,373,382,120
26101,SKM/WS/78A08/2015/382,Sikkim,West Sikkim,,Jorthang-Malbasey Road,27.129861,88.266222,Debris,Slide,,273,352,375,124
26102,SKM/SS/78A08/2015/216,Sikkim,South Sikkim,,Sadam-Bhajyang Road,27.130056,88.412944,Debris,Slide,,302,373,325,107
26103,SKM/SS/78A08/2015/323,Sikkim,South Sikkim,,Namchi-Kitam Road,27.130444,88.340222,Debris,Slide,,261,345,394,116
26104,SKM/SS/78A08/2015/224,Sikkim,South Sikkim,,Namchi-Palum Road,27.131444,88.386,Debris,Slide,,300,378,322,107
26105,SKM/SS/78A08/2015/223,Sikkim,South Sikkim,,Sadam-Bhajyang Road,27.131528,88.384417,Debris,Slide,,300,378,322,107
26106,SKM/SS/78A08/2015/221,Sikkim,South Sikkim,,Sadam-Bhajyang Road,27.133556,88.39475,Rock,Slide,,271,357,372,106
26107,SKM/SS/78A08/2015/217,Sikkim,South Sikkim,,Sadam-Bhajyang Road,27.133583,88.404583,Rock,Fall,,275,388,337,102
26108,SKM/SS/78A08/2015/222,Sikkim,South Sikkim,,Sadam-Bhajyang Road,27.133722,88.390833,Debris,Slide,,272,360,367,108
26109,SKM/SS/78A08/2015/324,Sikkim,South Sikkim,,Namchi-Kitam Road,27.133806,88.342778,Debris,Slide,,271,338,391,115
26110,SKM/SS/78A08/2015/227,Sikkim,South Sikkim,,Namchi-Palum Road,27.134306,88.370528,Debris,Slide,,271,361,367,117
26111,SKM/SS/78A08/2015/218,Sikkim,South Sikkim,,Sadam-Bhajyang Road,27.134389,88.40425,Debris,Slide,,268,392,340,102
26112,SKM/SS/78A08/2015/220,Sikkim,South Sikkim,,Sadam-Bhajyang Road,27.135833,88.391111,Debris,Slide,,282,367,351,105
26113,SKM/SS/78A08/2015/325,Sikkim,South Sikkim,,Namchi-Kitam Road,27.137667,88.342694,Debris,Slide,,271,362,367,112
26114,SKM/SS/78A08/2015/219,Sikkim,South Sikkim,,Sadam-Bhajyang Road,27.137694,88.401556,Debris,Slide,,278,390,332,104
26115,SKM/SS/78A08/2015/228,Sikkim,South Sikkim,,Namchi-Palum Road,27.139944,88.368167,Rock,Slide,,266,338,395,113
26116,SKM/SS/78A08/2015/229,Sikkim,South Sikkim,,Namchi-Palum Road,27.140889,88.368222,Debris,Slide,,266,338,395,113
26117,SKM/NS/78A04/2017/101,Sikkim,West Sikkim,,SH,27.141,88.211194,Debris,Slide,,274,346,380,121
26118,SKM/NS/78A04/2017/114,Sikkim,West Sikkim,Tharpu,SH,27.141944,88.180222,Debris,Slide,,239,355,406,117
26119,SKM/NS/78A04/2017/115,Sikkim,West Sikkim,,SH,27.142028,88.172139,Debris,Slide,,244,365,391,117
26120,SKM/SS/78A08/2015/231,Sikkim,South Sikkim,,Namchi-Palum Road,27.143556,88.373083,Debris,Slide,,289,370,341,106
26121,SKM/NS/78A04/2017/139,Sikkim,West Sikkim,,SH,27.144056,88.127361,Earth,Slide,,309,371,320,104
26122,SKM/WS/78A08/2015/264,Sikkim,West Sikkim,,Namchi-Assangthang Road,27.144167,88.311083,Rock,Fall,,259,349,392,118
26123,SKM/SS/78A08/2015/230,Sikkim,South Sikkim,,Namchi-Palum Road,27.145056,88.370778,Rock,Slide,,287,354,359,107
26124,SKM/WS/78A08/2015/265,Sikkim,West Sikkim,,Namchi-Assangthang Road,27.145444,88.305694,Debris,Slide,,275,340,384,118
26125,SKM/SS/78A07/2015/326,Sikkim,South Sikkim,,Melli-Jorethang Road,27.149722,88.348333,Debris,Slide,,273,374,353,112
26126,SKM/NS/78A04/2017/121,Sikkim,West Sikkim,,SH,27.149889,88.096861,Earth,Slide,,313,362,325,99
26127,SKM/NS/78A04/2017/109,Sikkim,West Sikkim,,SH,27.149972,88.184222,Debris,Slide,,236,388,376,114
26128,SKM/SS/78A08/2015/311,Sikkim,South Sikkim,,Melli-Phong Road,27.150778,88.4385,Debris,Slide,,268,372,360,112
26129,SKM/WS/78A08/2015/266,Sikkim,West Sikkim,,Namchi-Assangthang Road,27.151028,88.309889,Debris,Slide,,269,358,373,110
26130,SKM/NS/78A04/2017/108,Sikkim,West Sikkim,Lower Timburbung,SH,27.152722,88.190833,Earth,Slide,,263,345,392,119
26131,SKM/SS/78A08/2015/232,Sikkim,South Sikkim,,Namchi-Palum Road,27.152861,88.390361,Rock,Slide,,284,345,371,105
26132,SKM/SS/78A08/2015/215,Sikkim,South Sikkim,,Sadam-Bhajyang Road,27.153083,88.412056,Debris,Slide,,281,387,332,108
26133,SKM/WS/78A08/2015/267,Sikkim,West Sikkim,,Namchi-Assangthang Road,27.153306,88.3135,Debris,Slide,,256,359,385,110
26134,SKM/NS/78A04/2017/120,Sikkim,West Sikkim,,SH,27.153444,88.095639,Debris,Slide,,285,372,342,99
26135,SKM/SS/78A08/2015/175,Sikkim,South Sikkim,,Namchi-Namthang Road,27.153528,88.494389,Debris,Slide,,240,362,398,115
26136,SKM/SS/78A08/2015/307,Sikkim,South Sikkim,,Melli-Phong Road,27.15425,88.500333,Debris,Slide,,257,347,396,112
26137,SKM/WS/78A08/2015/379,Sikkim,West Sikkim,,,27.1545,88.275667,Debris,Slide,,252,351,397,118
26138,SKM/SS/78A08/2015/310,Sikkim,South Sikkim,,Melli-Phong Road,27.154722,88.443056,Debris,Slide,,268,370,362,113
26139,SKM/SS/78A08/2015/176,Sikkim,South Sikkim,,Namchi-Namthang Road,27.154889,88.493194,Debris,Slide,,240,362,398,115
26140,SKM/WS/78A08/2015/269,Sikkim,West Sikkim,,Namchi-Assangthang Road,27.155028,88.319556,Rock,Slide,,271,377,351,114
26141,SKM/SS/78A08/2015/233,Sikkim,South Sikkim,,Namchi-Palum Road,27.155306,88.390278,Debris,Slide,,287,348,365,104
26142,SKM/SS/78A08/2015/279,Sikkim,South Sikkim,,Namchi-Namthang Road,27.15625,88.430722,Debris,Slide,,275,386,339,109
26143,SKM/ES/78A12/2015/162,Sikkim,East Sikkim,,Namchi-Namthang Road,27.156806,88.5225,Rock,Fall,,260,349,391,114
26144,SKM/NS/78A04/2017/98,Sikkim,West Sikkim,,SH,27.156944,88.230778,Debris,Slide,,234,347,419,106
26145,SKM/ES/78A2/2015/167,Sikkim,East Sikkim,,Namchi-Namthang Road,27.157056,88.512778,Debris,Slide,,257,355,388,115
26146,SKM/NS/78A04/2017/113,Sikkim,West Sikkim,,SH,27.157361,88.171667,Debris,Slide,,273,367,360,107
26147,SKM/WS/78A08/2015/293,Sikkim,West Sikkim,,Namchi-Jorthang Road,27.157694,88.306806,Debris,Slide,,273,369,358,108
26148,SKM/ES/78A12/2015/163,Sikkim,East Sikkim,,Namchi-Namthang Road,27.157694,88.522194,Rock,Topple,,260,349,391,114
26149,SKM/NS/78A04/2017/119,Sikkim,West Sikkim,,SH,27.157694,88.092833,Debris,Slide,,311,333,356,97
26150,SKM/NS/78A04/2017/97,Sikkim,West Sikkim,,SH,27.157806,88.230306,Debris,Slide,,258,377,365,101
26151,SKM/NS/78A04/2017/116,Sikkim,West Sikkim,,SH,27.157861,88.090194,Earth,Slide,,314,337,348,97
26152,SKM/SS/78A08/2015/273,Sikkim,South Sikkim,,Namchi-Namthang Road,27.158,88.347972,Debris,Slide,,262,354,384,107
26153,SKM/NS/78A04/2017/140,Sikkim,West Sikkim,,SH,27.158056,88.141528,Debris,Slide,,244,433,323,99
26154,SKM/SS/78A08/2015/177,Sikkim,South Sikkim,,Namchi-Namthang Road,27.158111,88.491722,Debris,Slide,,248,383,369,111
26155,SKM/ES/78A2/2015/168,Sikkim,East Sikkim,,Namchi-Namthang Road,27.158111,88.512472,Debris,Slide,,251,366,383,117
26156,SKM/WS/78A08/2015/271,Sikkim,West Sikkim,,Namchi-Assangthang Road,27.158139,88.344806,Debris,Slide,,273,364,363,108
26157,SKM/WS/78A08/2015/270,Sikkim,West Sikkim,,Namchi-Assangthang Road,27.158222,88.34325,Debris,Slide,,276,361,363,108
26158,SKM/NS/78A04/2017/134,Sikkim,West Sikkim,,SH,27.158222,88.100361,Debris,Slide,,282,376,341,94
26159,SKM/ES/78A12/2015/164,Sikkim,East Sikkim,,Namchi-Namthang Road,27.158361,88.521833,Debris,Slide,,273,341,386,110
26160,SKM/SS/78A08/2015/276,Sikkim,South Sikkim,,Namchi-Namthang Road,27.158417,88.420139,Debris,Slide,,274,342,384,107
26161,SKM/SS/78A08/2015/303,Sikkim,South Sikkim,,Namthang-Kabrey Road,27.158583,88.466306,Rock,Fall,,262,377,361,110
26162,SKM/SS/78A08/2015/278,Sikkim,South Sikkim,,Namchi-Namthang Road,27.158944,88.427111,Debris,Slide,,266,351,383,107
26163,SKM/ES/78A2/2015/169,Sikkim,East Sikkim,,Namchi-Namthang Road,27.158972,88.514611,Rock,Fall,,255,355,390,113
26164,SKM/NS/78A04/2017/117,Sikkim,West Sikkim,,SH,27.158972,88.090944,Debris,Slide,,314,336,350,102
26165,SKM/SS/78A08/2015/309,Sikkim,South Sikkim,,Melli-Phong Road,27.159194,88.444361,Debris,Slide,,280,389,331,103
26166,SKM/NS/78A04/2017/118,Sikkim,West Sikkim,,SH,27.159361,88.09225,Earth,Slide,,314,336,350,102
26167,SKM/WS/78A08/2015/294,Sikkim,West Sikkim,,Namchi-Jorthang Road,27.159472,88.300028,Debris,Slide,,269,367,364,109
26168,SKM/WS/78A08/2015/268,Sikkim,West Sikkim,,Namchi-Assangthang Road,27.159639,88.318889,Debris,Subsidence,,285,365,350,106
26169,SKM/SS/78A08/2015/234,Sikkim,South Sikkim,,Namchi-Palum Road,27.159972,88.379083,Rock,Slide,,258,373,369,117
26170,SKM/SS/78A08/2015/277,Sikkim,South Sikkim,,Namchi-Namthang Road,27.160056,88.423028,Debris,Slide,,282,362,356,108
26171,SKM/NS/78A04/2017/132,Sikkim,West Sikkim,,SH,27.160056,88.091806,Debris,Slide,,314,336,350,102
26172,SKM/SS/78A08/2015/272,Sikkim,South Sikkim,,Namchi-Namthang Road,27.160194,88.415056,Debris,Slide,,288,356,356,103
26173,SKM/SS/78A12/2015/170,Sikkim,South Sikkim,,Namchi-Namthang Road,27.160444,88.512472,Rock,Fall,,268,359,373,116
26174,SKM/SS/78A12/2015/174,Sikkim,South Sikkim,,Namchi-Namthang Road,27.160722,88.505889,Debris,Slide,,255,397,348,112
26175,SKM/NS/78A04/2017/133,Sikkim,West Sikkim,,SH,27.161,88.094306,Debris,Slide,,313,339,349,101
26176,SKM/SS/78A12/2015/171,Sikkim,South Sikkim,,Namchi-Namthang Road,27.161306,88.512944,Debris,Slide,,268,359,373,116
26177,SKM/SS/78A08/2015/274,Sikkim,South Sikkim,,Namchi-Namthang Road,27.161444,88.410556,Debris,Slide,,295,360,345,101
26178,SKM/SS/78A12/2015/173,Sikkim,South Sikkim,,Namchi-Namthang Road,27.161917,88.509639,Debris,Slide,,266,374,360,116
26179,SKM/SS/78A08/2015/181,Sikkim,South Sikkim,,Namchi-Namthang Road,27.162111,88.491444,Rock,Fall,,248,392,360,108
26180,SKM/SS/78A12/2015/172,Sikkim,South Sikkim,,Namchi-Namthang Road,27.162194,88.510611,Debris,Slide,,266,374,360,116
26181,SKM/SS/78A08/2015/212,Sikkim,South Sikkim,,Namchi-Namthang Road,27.16275,88.383306,Earth,Slide,,268,359,373,106
26182,SKM/SS/78A08/2015/275,Sikkim,South Sikkim,,Namchi-Namthang Road,27.162778,88.413222,Rock,Slide,,289,368,344,102
26183,SKM/SS/78A08/2015/179,Sikkim,South Sikkim,,Namchi-Namthang Road,27.162781,88.484864,Debris,Slide,,245,394,361,111
26184,SKM/NS/78A04/2017/142,Sikkim,West Sikkim,,SH,27.163472,88.143083,Debris,Slide,,245,429,326,98
26185,SKM/SS/78A08/2015/282,Sikkim,South Sikkim,,Namchi-Namthang Road,27.163556,88.458833,Debris,Slide,,259,393,348,107
26186,SKM/SS/78A08/2015/214,Sikkim,South Sikkim,,Namchi-Namthang Road,27.16375,88.406417,Rock,Slide,,305,351,344,101
26187,SKM/SS/78A08/2015/281,Sikkim,South Sikkim,,Namchi-Namthang Road,27.163861,88.462306,Debris,Slide,,261,396,344,107
26188,SKM/ES/78A12/2015/165,Sikkim,East Sikkim,,Namchi-Namthang Road,27.163861,88.52,Debris,Slide,,294,338,368,114
26189,SKM/NS/78A04/2017/141,Sikkim,West Sikkim,,SH,27.163861,88.141361,Debris,Slide,,298,360,342,94
26190,SKM/NS/78A04/2017/100,Sikkim,West Sikkim,Malbasley,SH,27.164472,88.213889,Rock,Slide,,231,376,393,111
26191,SKM/NS/78A04/2017/96,Sikkim,West Sikkim,,SH,27.1645,88.228444,Rock,Slide,,259,397,344,106
26192,SKM/SS/78A08/2015/396,Sikkim,South Sikkim,,Sikkip-Wak-Namchi Road,27.164528,88.348472,Debris,Slide,,270,344,385,109
26193,SKM/SS/78A08/2015/308,Sikkim,South Sikkim,,Melli-Phong Road,27.165,88.444444,Debris,Slide,,266,382,352,107
26194,SKM/SS/78A08/2015/395,Sikkim,South Sikkim,,Sikkip-Wak-Namchi Road,27.165278,88.348528,Debris,Slide,,262,368,371,108
26195,SKM/NS/78A04/2017/112,Sikkim,West Sikkim,,SH,27.165333,88.162028,Debris,Slide,,231,372,397,108
26196,SKM/SS/78A08/2015/180,Sikkim,South Sikkim,,Namchi-Namthang Road,27.165528,88.496556,Debris,Slide,,283,367,350,105
26197,SKM/SS/78A08/2015/178,Sikkim,South Sikkim,,Namchi-Namthang Road,27.165586,88.488511,Debris,Slide,,263,384,353,112
26198,SKM/SS/78A08/2015/183,Sikkim,South Sikkim,,Namchi-Namthang Road,27.165833,88.436667,Debris,Slide,,276,379,345,104
26199,SKM/NS/78A04/2017/143,Sikkim,West Sikkim,,SH,27.166278,88.144333,Debris,Slide,,244,391,365,103
26200,SKM/SS/78A08/2015/213,Sikkim,South Sikkim,,Namchi-Namthang Road,27.166528,88.401333,Debris,Slide,,272,367,361,104
26201,SKM/SS/78A08/2015/304,Sikkim,South Sikkim,,Perbing-Chuba Road,27.166611,88.417528,Debris,Slide,,296,363,341,103
26202,SKM/SS/78A08/2015/394,Sikkim,South Sikkim,,Sikkip-Wak-Namchi Road,27.167611,88.348889,Debris,Slide,,266,358,376,107
26203,SKM/NS/78A04/2017/99,Sikkim,West Sikkim,,SH,27.167972,88.224778,Rock,Slide,,248,379,373,108
26204,SKM/SS/78A08/2015/211,Sikkim,South Sikkim,,Namchi-Namthang Road,27.168167,88.384556,Debris,Slide,,270,344,386,106
26205,SKM/SS/78A08/2015/302,Sikkim,South Sikkim,,,27.169028,88.486333,Debris,Slide,,254,381,365,111
26206,SKM/SS/78A08/2015/198,Sikkim,South Sikkim,,Namchi-Damthang Road,27.169472,88.363778,Debris,Slide,,274,370,355,109
26207,SKM/SS/78A08/2015/280,Sikkim,South Sikkim,,Namchi-Namthang Road,27.169583,88.462361,Debris,Slide,,278,383,340,110
26208,SKM/NS/78A04/2017/135,Sikkim,West Sikkim,Bhoreng,SH,27.170833,88.086361,Earth,Slide,,304,348,348,102
26209,SKM/NS/78A04/2017/95,Sikkim,West Sikkim,,SH,27.171083,88.245417,Debris,Slide,,240,350,410,116
26210,SKM/SS/78A08/2015/393,Sikkim,South Sikkim,,Sikkip-Wak-Namchi Road,27.171139,88.354611,Debris,Slide,,265,364,371,110
26211,SKM/NS/78A04/2017/110,Sikkim,West Sikkim,,SH,27.171639,88.159333,Debris,Slide,,248,370,382,104
26212,SKM/NS/78A04/2017/111,Sikkim,West Sikkim,,SH,27.171833,88.160861,Debris,Slide,,244,365,391,105
26213,SKM/NS/78A04/2017/137,Sikkim,West Sikkim,,SH,27.172083,88.090333,Earth,Slide,,300,350,350,104
26214,SKM/SOUTH/78A08/2017/001,Sikkim,South Sikkim,"Gumpa Monastery, Upper Gurpisey","State Highway (Namchi- Damthang Road, South Sikkim)",27.172228,88.372,Debris,Complex,2017,273,350,377,110
26215,SKM/SS/78A08/2015/210,Sikkim,South Sikkim,,Namchi-Namthang Road,27.172333,88.381444,Debris,Slide,,275,347,379,109
26216,SKM/SS/78A08/2015/297,Sikkim,South Sikkim,,Namchi-Jorthang Road,27.172444,88.386972,Rock,Slide,,276,362,362,105
26217,SKM/NS/78A04/2017/136,Sikkim,West Sikkim,Ribdi,SH,27.172444,88.089528,Earth,Slide,,300,350,350,104
26218,SKM/NS/78A04/2017/138,Sikkim,West Sikkim,,SH,27.173861,88.092111,Earth,Slide,,300,341,358,102
26219,SKM/SS/78A08/2015/296,Sikkim,South Sikkim,,Namchi-Jorthang Road,27.173917,88.38525,Rock,Slide,,285,353,362,109
26220,SKM/SS/78A08/2015/182,Sikkim,South Sikkim,,Namchi-Namthang Road,27.174389,88.452028,Debris,Slide,,285,383,331,102
26221,SKM/SS/78A08/2015/295,Sikkim,South Sikkim,,Namchi-Jorthang Road,27.175,88.385028,Rock,Slide,,252,383,365,103
26222,SKM/SS/78A08/2015/300,Sikkim,South Sikkim,,Namchi-Jorthang Road,27.175778,88.402417,Debris,Slide,,253,354,393,101
26223,SKM/SS/78A08/2015/305,Sikkim,South Sikkim,,Perbing-Chuba Road,27.176,88.429556,Debris,Slide,,284,379,338,99
26224,SKM/SS/78A08/2015/299,Sikkim,South Sikkim,,Namchi-Jorthang Road,27.176944,88.402056,Debris,Slide,,269,402,328,103
26225,SKM/SS/78A08/2015/301,Sikkim,South Sikkim,,Namchi-Jorthang Road,27.177056,88.402611,Rock,Slide,,254,371,375,101
26226,SKM/SS/78A08/2015/263,Sikkim,South Sikkim,,,27.177167,88.369611,Rock,Slide,,265,364,371,106
26227,SKM/SS/78A08/2015/306,Sikkim,South Sikkim,,Perbing-Chuba Road,27.178111,88.430556,Debris,Slide,,264,374,362,99
26228,SKM/ES/78A12/2015/101,Sikkim,East Sikkim,,Rangpo-Rorathang Road,27.178889,88.533097,Rock,Slide,,262,370,368,120
26229,SKM/NS/78A04/2017/106,Sikkim,West Sikkim,,SH,27.179278,88.190972,Earth,Slide,,271,392,337,102
26230,SKM/ES/78A12/2015/141,Sikkim,East Sikkim,,NH-31A,27.179639,88.519778,Debris,Slide,,260,374,366,120
26231,SKM/ES/78A12/2015/143,Sikkim,East Sikkim,,NH-31A,27.180417,88.51025,Rock,Slide,,262,364,374,120
26232,SKM/ES/78A12/2015/142,Sikkim,East Sikkim,,NH-31A,27.180528,88.518611,Debris,Slide,,256,367,377,119
26233,SKM/NS/78A04/2017/105,Sikkim,West Sikkim,Gumpa Dara,SH,27.181167,88.192028,Debris,Slide,,271,392,337,102
26234,SKM/WS/78A08/2015/378,Sikkim,West Sikkim,,,27.181222,88.309528,Debris,Slide,,269,360,370,121
26235,SKM/SS/78A08/2015/298,Sikkim,South Sikkim,,Namchi-Jorthang Road,27.18175,88.395778,Debris,Slide,,277,417,306,104
26236,SKM/ES/78A12/2015/144,Sikkim,East Sikkim,,NH-31A,27.182111,88.508,Rock,Slide,,257,366,377,120
26237,SKM/NS/78A03/2017/82,Sikkim,West Sikkim,Barakheley Dara,SH,27.185944,88.197944,Debris,Slide,,253,410,337,101
26238,SKM/NS/78A03/2017/83,Sikkim,West Sikkim,,SH,27.185972,88.205833,Earth,Slide,,245,393,362,101
26239,SKM/WS/78A08/2015/351,Sikkim,West Sikkim,,legship-Sikkip Road,27.186361,88.320417,Debris,Slide,,274,362,364,123
26240,SKM/NS/78A03/2017/84,Sikkim,West Sikkim,,SH,27.186611,88.206278,Earth,Slide,,264,400,336,98
26241,SKM/ES/78A12/2015/102,Sikkim,East Sikkim,,Rangpo-Rorathang Road,27.18815,88.562083,Debris,Slide,,263,383,355,118
26242,SKM/ES/78A12/2015/145,Sikkim,East Sikkim,,NH-31A,27.188528,88.501194,Rock,Slide,,257,368,376,119
26243,SKM/SS/78A08/2015/197,Sikkim,South Sikkim,,Namchi-Damthang Road,27.189222,88.391056,Debris,Slide,,255,367,377,101
26244,SKM/ES/78A12/2015/103,Sikkim,East Sikkim,,Rangpo-Rorathang Road,27.189261,88.595686,Debris,Slide,,291,371,338,117
26245,SKM/ES/78A12/2015/39,Sikkim,East Sikkim,Padamchey,Rangpo-Rorathang Road,27.19,88.564472,Rock,Fall,,270,364,366,115
26246,SKM/ES/78A12/2015/104,Sikkim,East Sikkim,,Rangpo-Rorathang Road,27.190067,88.596483,Rock,Slide,,291,371,338,117
26247,SKM/ES/78A12/2015/105,Sikkim,East Sikkim,,Rangpo-Rorathang Road,27.190833,88.596889,Debris,Slide,,289,372,339,120
26248,SKM/WS/78A08/2015/350,Sikkim,West Sikkim,,legship-Sikkip Road,27.191639,88.325861,Debris,Slide,,274,351,376,122
26249,SKM/WS/78A08/2015/374,Sikkim,West Sikkim,,Sangadorji-Bum Road,27.191917,88.2885,Debris,Slide,,271,357,372,108
26250,SKM/ES/78A12/2015/106,Sikkim,East Sikkim,,Rangpo-Rorathang Road,27.192989,88.603083,Debris,Slide,,300,367,334,117
26251,SKM/ES/78A12/2015/135,Sikkim,East Sikkim,,Rhenak Road,27.193794,88.650528,Debris,Slide,,268,369,363,107
26252,SKM/SS/78A08/2015/206,Sikkim,South Sikkim,,Kholaghari village Road,27.194333,88.388889,Debris,Slide,,283,331,386,99
26253,SKM/ES/78A12/2015/108,Sikkim,East Sikkim,,Rorathang-Rongli Road,27.195083,88.631992,Debris,Slide,,300,368,332,116
26254,SKM/ES/78A12/2015/109,Sikkim,East Sikkim,,Rorathang-Rongli Road,27.195511,88.6342,Debris,Slide,,296,369,334,117
26255,SKM/ES/78A12/2015/107,Sikkim,East Sikkim,,Rorathang-Rongli Road,27.195703,88.625444,Debris,Slide,,296,372,332,117
26256,SKM/SS/78A08/2015/207,Sikkim,South Sikkim,,Kholaghari village Road,27.195722,88.387472,Debris,Slide,,283,331,386,99
26257,SKM/NS/78A03/2017/81,Sikkim,West Sikkim,Phuchenbong,SH,27.197111,88.208722,Debris,Slide,,243,409,348,98
26258,SKM/SS/78A12/2015/146,Sikkim,South Sikkim,,NH-31A,27.197417,88.4905,Rock,Slide,,247,375,378,115
26259,SKM/ES/78A12/2015/110,Sikkim,East Sikkim,,Rorathang-Rongli Road,27.198856,88.638725,Debris,Slide,,294,369,336,118
26260,SKM/ES/78A12/2015/134,Sikkim,East Sikkim,,Rhenak Road,27.198928,88.66095,Debris,Slide,,260,396,344,111
26261,SKM/SS/78A08/2015/385,Sikkim,South Sikkim,,Sikkip-Wak-Namchi Road,27.199028,88.350417,Debris,Slide,,284,377,339,116
26262,SKM/ES/78A12/2015/111,Sikkim,East Sikkim,,Rorathang-Rongli Road,27.199722,88.641633,Rock,Topple,,294,371,335,117
26263,SKM/SS/78A08/2015/386,Sikkim,South Sikkim,,Sikkip-Wak-Namchi Road,27.200389,88.3545,Debris,Slide,,277,386,337,115
26264,SKM/WS/78A08/2015/384,Sikkim,West Sikkim,,Sikkip-Wak-Namchi Road,27.200861,88.340861,Debris,Slide,,275,365,359,110
26265,SKM/ES/78A12/2015/133,Sikkim,East Sikkim,,Rhenak Road,27.201278,88.665381,Debris,Slide,,271,377,351,104
26266,SKM/WS/78A08/2015/366,Sikkim,West Sikkim,,Kaluk-Rinchenpong Road,27.20175,88.268194,Debris,Slide,,265,352,383,108
26267,SKM/ES/78A12/2015/132,Sikkim,East Sikkim,,Rhenak Road,27.201875,88.667278,Debris,Slide,,272,369,359,105
26268,SKM/SS/78A08/2015/209,Sikkim,South Sikkim,,Kholaghari village Road,27.202417,88.391583,Debris,Slide,,265,366,370,102
26269,SKM/ES/78A12/2015/113,Sikkim,East Sikkim,,Rorathang-Rongli Road,27.202433,88.656708,Rock,Topple,,279,378,343,106
26270,SKM/ES/78A12/2015/34,Sikkim,East Sikkim,Pendam,,27.203167,88.588667,Debris,Slide,,273,377,350,110
26271,SKM/ES/78A12/2015/38,Sikkim,East Sikkim,Pamdambhasmey,Rangpo-Rorathang Road,27.203194,88.600278,Debris,Slide,,292,368,340,114
26272,SKM/ES/78A12/2015/114,Sikkim,East Sikkim,,Rorathang-Rongli Road,27.203869,88.658333,Debris,Slide,,273,377,350,110
26273,SKM/ES/78A12/2015/112,Sikkim,East Sikkim,,Rorathang-Rongli Road,27.204556,88.647222,Debris,Slide,,279,379,343,109
26274,SKM/WS/78A08/2015/349,Sikkim,West Sikkim,,legship-Sikkip Road,27.204694,88.32375,Debris,Slide,,275,356,369,119
26275,SKM/ES/78A12/2015/33,Sikkim,East Sikkim,East Pendam,,27.205,88.591722,Rock,Fall,,261,386,353,112
26276,SKM/SS/78A08/2015/56,Sikkim,South Sikkim,,Phong-Bermiok Road,27.205,88.442122,Debris,Slide,,276,391,333,104
26277,SKM/ES/78A12/2015/115,Sikkim,East Sikkim,,Rorathang-Rongli Road,27.205047,88.689053,Debris,Slide,,290,378,332,112
26278,SKM/SS/78A08/2015/54,Sikkim,South Sikkim,,Phong-Bermiok Road,27.206611,88.442814,Debris,Slide,,271,372,357,105
26279,SKM/ES/78A12/2015/118,Sikkim,East Sikkim,,Rorathang-Rongli Road,27.206653,88.679953,Rock,Fall,,290,375,335,107
26280,SKM/WS/78A08/2015/348,Sikkim,West Sikkim,,legship-Sikkip Road,27.206917,88.323278,Debris,Slide,,284,350,366,119
26281,SKM/SS/78A08/2015/55,Sikkim,South Sikkim,,Phong-Bermiok Road,27.207039,88.446667,Debris,Slide,,257,363,380,105
26282,SKM/ES/78A12/2015/116,Sikkim,East Sikkim,,Rorathang-Rongli Road,27.207264,88.672817,Debris,Slide,,274,376,350,107
26283,SKM/ES/78A12/2015/117,Sikkim,East Sikkim,,Rorathang-Rongli Road,27.207606,88.676047,Rock,Fall,,282,372,346,107
26284,SKM/SS/78A08/2015/208,Sikkim,South Sikkim,,Kholaghari village Road,27.20825,88.387667,Earth,Slide,,275,359,366,102
26285,SKM/ES/78A12/2015/35,Sikkim,East Sikkim,,Rangpo-Rorathang Road,27.2115,88.58775,Debris,Slide,,265,386,349,102
26286,SKM/ES/78A12/2015/36,Sikkim,East Sikkim,,Rangpo-Rorathang Road,27.212222,88.587889,Debris,Slide,,265,386,349,102
26287,SKM/SS/78A08/2015/196,Sikkim,South Sikkim,,Namchi-Damthang Road,27.212583,88.399333,Debris,Slide,,305,360,335,103
26288,SKM/SS/78A08/2015/202,Sikkim,South Sikkim,,Kholaghari village Road,27.21275,88.391444,Debris,Slide,,312,349,339,103
26289,SKM/WS/78A08/2015/347,Sikkim,West Sikkim,,legship-Sikkip Road,27.213556,88.321833,Debris,Slide,,281,346,374,119
26290,SKM/ES/78A11/2015/13,Sikkim,East Sikkim,,,27.214222,88.608361,Debris,Slide,,262,350,389,115
26291,SKM/SS/78A08/2015/203,Sikkim,South Sikkim,,Kholaghari village Road,27.214639,88.392417,Debris,Slide,,312,349,339,103
26292,SKM/ES/78A12/2015/37,Sikkim,East Sikkim,,Rangpo-Rorathang Road,27.214806,88.588083,Debris,Slide,,276,375,349,104
26293,SKM/SS/78A08/2015/205,Sikkim,South Sikkim,,Kholaghari village Road,27.215056,88.393306,Debris,Slide,,283,384,333,102
26294,SKM/SS/78A08/2015/195,Sikkim,South Sikkim,,Namchi-Damthang Road,27.21525,88.402278,Debris,Slide,,293,369,338,102
26295,SKM/NS/78A03/2017/85,Sikkim,West Sikkim,,SH,27.216361,88.199667,Debris,Slide,,258,446,296,104
26296,SKM/SS/78A08/2015/204,Sikkim,South Sikkim,,Kholaghari village Road,27.216639,88.392361,Rock,Slide,,297,366,337,104
26297,SKM/WS/78A08/2015/367,Sikkim,West Sikkim,,Kaluk-Rinchenpong Road,27.216722,88.274639,Debris,Slide,,246,363,391,110
26298,SKM/NS/78A04/2017/93,Sikkim,West Sikkim,Rishithang,SH,27.217278,88.236944,Debris,Slide,,254,340,407,105
26299,SKM/NS/78A04/2017/91,Sikkim,West Sikkim,,SH,27.217667,88.233472,Debris,Slide,,243,341,416,113
26300,SKM/NS/78A04/2017/92,Sikkim,West Sikkim,,SH,27.217667,88.234639,Debris,Slide,,243,341,416,113
26301,SKM/NS/78A04/2017/90,Sikkim,West Sikkim,,SH,27.218278,88.232472,Debris,Slide,,253,330,418,114
26302,SKM/NS/78A04/2017/89,Sikkim,West Sikkim,,SH,27.21875,88.233694,Debris,Slide,,243,341,416,113
26303,SKM/SS/78A08/2015/200,Sikkim,South Sikkim,,Kholaghari village Road,27.219444,88.391111,Debris,Slide,,266,356,378,101
26304,SKM/NS/78A04/2017/88,Sikkim,West Sikkim,,SH,27.219444,88.234361,Rock,Slide,,243,341,416,113
26305,SKM/NS/78A03/2017/80,Sikkim,West Sikkim,,SH,27.2195,88.210222,Debris,Slide,,268,389,343,101
26306,SKM/WS/78A08/2015/369,Sikkim,West Sikkim,,Sangadorji-Bum Road,27.219917,88.276306,Debris,Slide,,258,380,362,108
26307,SKM/WS/78A08/2015/370,Sikkim,West Sikkim,,Sangadorji-Bum Road,27.220306,88.261861,Debris,Slide,,247,369,384,104
26308,SKM/WS/78A08/2015/373,Sikkim,West Sikkim,,Sangadorji-Bum Road,27.220472,88.281028,Debris,Slide,,258,372,370,107
26309,SKM/ES/78A12/2015/131,Sikkim,East Sikkim,,Rhenak-Kopchey Road,27.22075,88.699833,Debris,Slide,,256,380,364,100
26310,SKM/WS/78A08/2015/371,Sikkim,West Sikkim,,Sangadorji-Bum Road,27.220778,88.279917,Debris,Slide,,264,386,350,108
26311,SKM/NS/78A04/2017/87,Sikkim,West Sikkim,Rishi,SH,27.220806,88.237361,Rock,Slide,,252,341,407,114
26312,SKM/ES/78A11/2015/14,Sikkim,East Sikkim,,,27.220861,88.657111,Debris,Slide,,286,378,336,106
26313,SKM/ES/78A12/2015/27,Sikkim,East Sikkim,Mamring,,27.220889,88.652278,Debris,Slide,,284,368,348,108
26314,SKM/SS/78A08/2015/199,Sikkim,South Sikkim,,Kholaghari village Road,27.220917,88.385083,Debris,Slide,,274,365,362,103
26315,SKM/SS/78A08/2015/194,Sikkim,South Sikkim,,Namchi-Damthang Road,27.220972,88.397639,Debris,Slide,,260,394,346,99
26316,SKM/SS/78A08/2015/189,Sikkim,South Sikkim,,Temi village Road,27.221444,88.376167,Debris,Slide,,260,368,373,101
26317,SKM/SS/78A08/2015/188,Sikkim,South Sikkim,,Temi village Road,27.2215,88.370667,Debris,Slide,,288,361,351,104
26318,SKM/SS/78A08/2015/201,Sikkim,South Sikkim,,Kholaghari village Road,27.221778,88.390861,Debris,Slide,,272,372,356,104
26319,SKM/WS/78A08/2015/372,Sikkim,West Sikkim,,Sangadorji-Bum Road,27.222917,88.281972,Debris,Slide,,250,375,375,106
26320,SKM/SS/78A12/2015/147,Sikkim,South Sikkim,,NH-31A,27.223833,88.491833,Debris,Slide,,252,380,369,117
26321,SKM/SS/78A08/2015/187,Sikkim,South Sikkim,,Temi village Road,27.224778,88.372083,Debris,Slide,,278,381,340,99
26322,SKM/SS/78A08/2015/186,Sikkim,South Sikkim,,Temi village Road,27.225083,88.373333,Debris,Slide,,283,397,321,101
26323,SKM/NS/78A04/2017/86,Sikkim,West Sikkim,,SH,27.225556,88.240333,Debris,Slide,,255,352,392,102
26324,SKM/SS/78A12/2015/148,Sikkim,South Sikkim,,NH-31A,27.22575,88.49325,Rock,Slide,,264,382,355,112
26325,SKM/WS/78A08/2015/392,Sikkim,West Sikkim,,Tinktitam village Road,27.226556,88.308861,Debris,Slide,,281,364,354,119
26326,SKM/NS/78A03/2017/79,Sikkim,West Sikkim,,SH,27.2275,88.220278,Debris,Slide,,269,401,330,101
26327,SKM/NS/78A04/2017/94,Sikkim,West Sikkim,,SH,27.227528,88.219639,Debris,Slide,,269,401,330,101
26328,SKM/SS/78A12/2015/149,Sikkim,South Sikkim,,Singtam-Dikchu Road,27.228556,88.493889,Debris,Slide,,268,382,350,121
26329,SKM/SS/78A08/2015/185,Sikkim,South Sikkim,,Temi village Road,27.229417,88.378444,Debris,Slide,,252,379,369,102
26330,SKM/ES/78A12/2015/28,Sikkim,East Sikkim,Taza,,27.22975,88.619361,Earth,Slide,,271,385,344,111
26331,SKM/WS/78A08/2015/391,Sikkim,West Sikkim,,Tinktitam village Road,27.230583,88.306056,Debris,Slide,,281,372,347,120
26332,SKM/SS/78A08/2015/184,Sikkim,South Sikkim,Chemchey,Temi village Road,27.232639,88.378417,Debris,Slide,,244,372,383,101
26333,SKM/NS/78A04/2017/68,Sikkim,West Sikkim,,SH,27.233194,88.246361,Debris,Slide,,262,360,377,99
26334,SKM/ES/78A12/2015/22,Sikkim,East Sikkim,,NH-31A,27.233389,88.5015,Debris,Slide,,271,383,346,117
26335,SKM/ES/78A12/2015/120,Sikkim,East Sikkim,,Machong-Rongli Road,27.233417,88.634806,Debris,Slide,,262,387,351,107
26336,SKM/SS/78A08/2015/235,Sikkim,South Sikkim,,Tinktam-Rheyong Road,27.233667,88.348389,Debris,Slide,,289,349,362,100
26337,SKM/ES/78A12/2015/29,Sikkim,East Sikkim,,,27.235694,88.6025,Debris,Slide,,263,389,348,116
26338,SKM/ES/78A12/2015/30,Sikkim,East Sikkim,,,27.23575,88.602389,Debris,Slide,,263,389,348,116
26339,SKM/SS/78A12/2015/150,Sikkim,South Sikkim,,Singtam-Dikchu Road,27.23575,88.506472,Debris,Slide,,291,359,350,116
26340,SKM/SS/78A12/2015/151,Sikkim,South Sikkim,,Singtam-Dikchu Road,27.23575,88.507972,Debris,Slide,,291,359,350,116
26341,SKM/ES/78A12/2015/21,Sikkim,East Sikkim,,NH-31A,27.235778,88.506306,Debris,Slide,,291,359,350,116
26342,SKM/SS/78A08/2015/360,Sikkim,South Sikkim,,,27.235861,88.433167,Debris,Slide,,261,364,376,115
26343,SKM/ES/78A12/2015/121,Sikkim,East Sikkim,,Machong-Rongli Road,27.235917,88.645167,Rock,Fall,,305,352,342,110
26344,SKM/ES/78A12/2015/152,Sikkim,East Sikkim,,NH-31A,27.236361,88.50875,Debris,Slide,,291,359,350,116
26345,SKM/ES/78A12/2015/20,Sikkim,East Sikkim,,NH-31A,27.236583,88.509611,Debris,Slide,,297,358,345,119
26346,SKM/NS/78A04/2017/69,Sikkim,West Sikkim,,SH,27.236889,88.235917,Rock,Slide,,272,366,362,99
26347,SKM/ES/78A12/2015/32,Sikkim,East Sikkim,,,27.237694,88.598806,Debris,Slide,,252,376,372,112
26348,SKM/EAS/78A12/2014/002,Sikkim,East Sikkim,6 km from Martam,0.5 km before Sikkim Supreme (On NH-31A),27.23772,88.51384,Debris,Slide,26 August 2014,301,355,343,118
26349,SKM/SS/78A08/2015/236,Sikkim,South Sikkim,,Tinktam-Rheyong Road,27.237889,88.346444,Debris,Slide,,276,345,379,100
26350,SKM/WS/78A08/2015/390,Sikkim,West Sikkim,,Tinktitam village Road,27.237917,88.30475,Rock,Slide,,276,378,346,111
26351,SKM/ES/78A12/2015/31,Sikkim,East Sikkim,Dikling,,27.238111,88.601528,Debris,Slide,,258,374,368,108
26352,SKM/EAS/78A08/2014/003,Sikkim,East Sikkim,Sirwani Landslide,Sirwani (On Singtam-Mangkha road ),27.23924,88.48416,Debris,Slide,"2011, 25 August 2014",259,384,357,118
26353,SKM/WS/78A08/2015/387,Sikkim,West Sikkim,,Tinktitam village Road,27.239972,88.332778,Debris,Slide,,253,369,378,102
26354,SKM/ES/78A08/2015/49,Sikkim,East Sikkim,,Singtam-Dikchu Road,27.240028,88.486472,Debris,Slide,,263,382,355,115
26355,SKM/ES/78A08/2015/50,Sikkim,East Sikkim,,Singtam-Dikchu Road,27.240194,88.486278,Debris,Slide,,263,382,355,115
26356,SKM/NS/78A04/2017/71,Sikkim,West Sikkim,Upper Bermiok,SH,27.240389,88.234028,Debris,Slide,,266,373,361,99
26357,SKM/ES/78A08/2015/52,Sikkim,East Sikkim,,,27.240556,88.48025,Debris,Slide,,298,363,340,116
26358,SKM/WS/78A08/2015/389,Sikkim,West Sikkim,,Tinktitam village Road,27.240639,88.306056,Debris,Slide,,274,382,345,106
26359,SKM/ES/78A08/2015/51,Sikkim,East Sikkim,,Singtam-Dikchu Road,27.240861,88.486278,Debris,Slide,,263,382,355,115
26360,SKM/NS/78A04/2017/70,Sikkim,West Sikkim,,SH,27.241333,88.233972,Debris,Slide,,266,373,361,99
26361,SK/ED/78A12/2017/01,Sikkim,East Sikkim,Pachey landslide near Pakyong Town,Pakyong-Machong Road near Pakyong,27.24144,88.60681,Debris,Fall and Slide,9 July 2017,263,367,370,112
26362,SKM/WS/78A08/2015/388,Sikkim,West Sikkim,,Tinktitam village Road,27.242139,88.327389,Debris,Slide,,267,355,379,103
26363,SKM/SS/78A08/2015/237,Sikkim,South Sikkim,,Tinktam-Rheyong Road,27.242917,88.354417,Debris,Slide,,275,339,385,101
26364,SKM/WS/78A08/2015/368,Sikkim,West Sikkim,,Kaluk-Rinchenpong Road,27.243806,88.2725,Debris,Slide,,283,336,381,101
26365,SKM/SS/78A08/2015/239,Sikkim,South Sikkim,,Tinktam-Rheyong Road,27.244056,88.348056,Debris,Slide,,273,344,383,101
26366,SKM/SS/78A08/2015/238,Sikkim,South Sikkim,,Tinktam-Rheyong Road,27.244472,88.350472,Rock,Fall,,274,346,380,101
26367,SKM/ES/78A12/2015/153,Sikkim,East Sikkim,,NH-31A,27.245028,88.524389,Debris,Slide,,288,376,337,111
26368,SKM/NS/78A04/2017/72,Sikkim,West Sikkim,Upper Bermiok,SH,27.245028,88.226861,Debris,Slide,,253,380,367,102
26369,SKM/ES/78A12/2015/19,Sikkim,East Sikkim,Sangkhola,NH-31A,27.245139,88.524444,Debris,Slide,,288,376,337,111
26370,SKM/NS/78A04/2017/45,Sikkim,West Sikkim,Hee gown,SH,27.245972,88.185278,Debris,Slide,,282,371,347,99
26371,SKM/ES/78A11/2015/16,Sikkim,East Sikkim,,,27.246056,88.62575,Rock,Slide,,279,371,350,103
26372,SKM/ES/78A12/2015/119,Sikkim,East Sikkim,,Machong-Rongli Road,27.246194,88.625694,Rock,Fall,,281,335,384,100
26373,SKM/NS/78A04/2017/44,Sikkim,West Sikkim,,SH,27.246944,88.184833,Debris,Slide,,266,368,366,100
26374,SKM/NS/78A04/2017/73,Sikkim,West Sikkim,Budha Bari,SH,27.247111,88.225222,Debris,Slide,,275,352,373,100
26375,SKM/NS/78A04/2017/01,Sikkim,West Sikkim,Upper Bega,SH,27.248583,88.117444,Debris,Slide,,290,333,378,101
26376,SKM/NS/78A04/2017/02,Sikkim,West Sikkim,Upper Bega,SH,27.248833,88.117194,Debris,Slide,,290,333,378,101
26377,SKM/WS/78A07/2015/346,Sikkim,West Sikkim,,Legship-Rishi Road,27.25,88.301889,Debris,Slide,,286,363,351,118
26378,SKM/ES/78A11/2015/154,Sikkim,East Sikkim,,NH-31A,27.250556,88.53325,Debris,Slide,,301,367,332,118
26379,SKM/ES/78A11/2015/130,Sikkim,East Sikkim,,Machong-Rongli Road,27.250889,88.715444,Debris,Slide,,249,366,385,104
26380,SKM/ES/78A11/2015/122,Sikkim,East Sikkim,,Machong-Rongli Road,27.250972,88.659833,Rock,Fall,,261,379,360,101
26381,SKM/SS/78A07/2015/190,Sikkim,South Sikkim,,Ben village Road,27.251417,88.3845,Debris,Slide,,278,410,312,99
26382,SK/ESK/78A11/2019/03,Sikkim,East Sikkim,Sang,NH10A/ GangtokSiliguri Highway,27.251639,88.531361,Rock,Slide,2019,304,372,324,113
26383,SKM/NS/78A03/2017/43,Sikkim,West Sikkim,Hee Sapong,SH,27.251722,88.182972,Debris,Slide,,264,358,378,107
26384,SKM/NS/78A03/2017/42,Sikkim,West Sikkim,Hee Pool,SH,27.252139,88.176944,Rock,Slide,,277,367,356,102
26385,SKM/WS/78A07/2015/365,Sikkim,West Sikkim,,Kaluk-Rinchenpong Road,27.252167,88.272778,Rock,Fall,,282,344,374,107
26386,SKM/ES/78A11/2015/123,Sikkim,East Sikkim,,Machong-Rongli Road,27.252667,88.694194,Debris,Slide,,274,387,339,102
26387,SKM/NS/78A15/2017/165,Sikkim,East Sikkim,,SH,27.253528,88.786111,Debris,Slide,,296,320,384,108
26388,SKM/NS/78A03/2017/67,Sikkim,West Sikkim,Martam Ralong,SH,27.253889,88.210028,Debris,Slide,,266,342,392,99
26389,SKM/WS/78A07/2015/345,Sikkim,West Sikkim,,Legship-Rishi Road,27.254222,88.3005,Debris,Slide,,290,374,337,116
26390,SKM/NS/78A03/2017/34,Sikkim,West Sikkim,Sangkhu,SH,27.254389,88.145306,Debris,Slide,,260,336,404,101
26391,SKM/ES/78A11/2015/128,Sikkim,East Sikkim,,Machong-Rongli Road,27.25475,88.711,Debris,Slide,,277,366,358,118
26392,SKM/ES/78A11/2015/155,Sikkim,East Sikkim,,NH-31A,27.254778,88.542444,Debris,Slide,,306,362,332,116
26393,SKM/SS/78A07/2015/192,Sikkim,South Sikkim,,Ben village Road,27.254917,88.390889,Debris,Slide,,280,408,312,99
26394,SKM/SS/78A07/2015/193,Sikkim,South Sikkim,,Ben village Road,27.255167,88.396944,Debris,Slide,,274,345,380,101
26395,SKM/ES/78A11/2015/17,Sikkim,East Sikkim,,NH-31A,27.255278,88.543611,Debris,Slide,,306,362,332,116
26396,SKM/SS/78A07/2015/191,Sikkim,South Sikkim,,Ben village Road,27.255389,88.388944,Debris,Slide,,280,408,312,99
26397,SKM/NS/78A03/2017/38,Sikkim,West Sikkim,Sangkhu,SH,27.255861,88.156139,Debris,Slide,,283,350,367,101
26398,SKM/ES/78A11/2015/127,Sikkim,East Sikkim,,Machong-Rongli Road,27.256,88.706167,Debris,Slide,,264,376,360,114
26399,SKM/NS/78A03/2017/40,Sikkim,West Sikkim,,SH,27.256556,88.148722,Debris,Slide,,285,345,370,102
26400,SKM/NS/78A03/2017/37,Sikkim,West Sikkim,Sangkhu,SH,27.25675,88.148611,Debris,Slide,,285,345,370,102
26401,SKM/EAS/78A11/2014/001,Sikkim,East Sikkim,Mangthang Landslide,Mangthang (On Dhajey- Mangthang road ),27.25677,88.55359,Debris,Slide,"June 2014, 16 August 2014",308,371,321,113
26402,SKM/ES/78A11/2015/15,Sikkim,East Sikkim,,,27.257083,88.65975,Debris,Slide,2014,273,412,315,102
26403,SKM/ES/78A11/2015/124,Sikkim,East Sikkim,,Machong-Rongli Road,27.257083,88.696583,Debris,Slide,,271,382,347,106
26404,SKM/ES/78A11/2015/125,Sikkim,East Sikkim,,Machong-Rongli Road,27.257139,88.697556,Debris,Slide,,271,382,347,106
26405,SKM/WS/78A07/2015/363,Sikkim,West Sikkim,,Legship-Mayong Road,27.257194,88.305444,Debris,Slide,,282,378,340,113
26406,SKM/NS/78A03/2017/39,Sikkim,West Sikkim,,SH,27.257361,88.165333,Debris,Slide,,265,378,357,103
26407,SKM/SS/78A07/2015/327,Sikkim,South Sikkim,,,27.257417,88.418889,Debris,Slide,,274,377,349,114
26408,SKM/ES/78A11/2015/156,Sikkim,East Sikkim,,NH-31A,27.257972,88.548861,Debris,Slide,,306,371,323,116
26409,SKM/ES/78A11/2015/126,Sikkim,East Sikkim,,Machong-Rongli Road,27.258222,88.704778,Debris,Slide,,261,381,358,116
26410,SKM/NS/78A03/2017/76,Sikkim,West Sikkim,,SH,27.258306,88.245306,Debris,Slide,,259,359,382,107
26411,SKM/NS/78A03/2017/78,Sikkim,West Sikkim,,SH,27.258389,88.246611,Debris,Slide,,259,358,383,108
26412,SKM/NS/78A03/2017/36,Sikkim,West Sikkim,Sangkhu,SH,27.258556,88.147028,Debris,Slide,,275,344,380,103
26413,SKM/NS/78A03/2017/74,Sikkim,West Sikkim,,SH,27.258778,88.202639,Debris,Slide,,265,348,387,110
26414,SKM/NS/78A03/2017/35,Sikkim,West Sikkim,Sangkhu,SH,27.258889,88.145611,Rock,Fall,,267,349,383,104
26415,SKM/SS/78A07/2015/328,Sikkim,South Sikkim,,,27.259306,88.423028,Debris,Slide,,298,368,333,115
26416,SKM/ES/78A11/2015/18,Sikkim,East Sikkim,,NH-31A,27.259694,88.550417,Debris,Slide,,305,370,325,117
26417,SKM/NS/78A03/2017/77,Sikkim,West Sikkim,Rat Mathe,SH,27.259722,88.248972,Debris,Slide,,260,362,378,116
26418,SKM/ES/78A11/2015/129,Sikkim,East Sikkim,,Machong-Rongli Road,27.259833,88.711722,Debris,Slide,,268,369,363,115
26419,SKM/SS/78A07/2015/289,Sikkim,South Sikkim,,Gangla village Road,27.26,88.381361,Debris,Slide,,263,357,380,100
26420,SKM/NS/78A03/2017/41,Sikkim,West Sikkim,Radhu Basti,SH,27.260167,88.171889,Debris,Slide,,252,362,386,107
26421,SKM/WS/78A07/2015/364,Sikkim,West Sikkim,,Legship-Mayong Road,27.260194,88.302417,Debris,Slide,,298,365,337,120
26422,SKM/NS/78A03/2017/75,Sikkim,West Sikkim,,SH,27.260861,88.233278,Debris,Slide,,278,338,384,105
26423,SKM/NS/78A15/2017/164,Sikkim,East Sikkim,,SH,27.2615,88.788778,Debris,Slide,,276,389,336,111
26424,SKM/WS/78A07/2015/344,Sikkim,West Sikkim,,Legship-Rishi Road,27.26175,88.2945,Debris,Slide,,301,360,339,114
26425,SKM/NS/78A03/2017/66,Sikkim,West Sikkim,,SH,27.261778,88.197194,Debris,Slide,,249,353,398,107
26426,SKM/SS/78A07/2015/329,Sikkim,South Sikkim,,,27.262056,88.4305,Debris,Slide,,305,368,327,116
26427,SKM/ES/78A11/2015/158,Sikkim,East Sikkim,,NH-31A,27.262583,88.562389,Debris,Slide,,290,364,346,118
26428,SKM/SS/78A07/2015/290,Sikkim,South Sikkim,,Gangla village Road,27.263194,88.377139,Debris,Slide,,282,335,383,102
26429,SKM/NS/78A15/2017/163,Sikkim,East Sikkim,,SH,27.263278,88.786667,Debris,Slide,,271,385,343,108
26430,SKM/ES/78A11/2015/157,Sikkim,East Sikkim,,NH-31A,27.264361,88.558389,Debris,Slide,,291,354,356,118
26431,SKM/NS/78A15/2017/160,Sikkim,East Sikkim,,SH,27.264694,88.792667,Debris,Slide,,284,400,315,109
26432,SKM/NS/78A15/2017/161,Sikkim,East Sikkim,,SH,27.26525,88.789556,Debris,Slide,,265,388,347,107
26433,SKM/NS/78A15/2017/162,Sikkim,East Sikkim,,SH,27.265389,88.788278,Debris,Slide,,281,374,345,109
26434,SKM/ES/78A11/2015/40,Sikkim,East Sikkim,Martam,,27.265944,88.534556,Rock,Fall,,262,379,360,108
26435,SKM/WS/78A07/2015/343,Sikkim,West Sikkim,,Legship-Rishi Road,27.268944,88.2875,Debris,Slide,,264,348,388,116
26436,SKM/NS/78A03/2017/19,Sikkim,West Sikkim,Liching,SH,27.269556,88.137861,Debris,Slide,,257,351,392,107
26437,SKM/NS/78A03/2017/18,Sikkim,West Sikkim,Som,SH,27.269778,88.144278,Debris,Slide,,244,358,398,108
26438,SKM/NS/78A03/2017/31,Sikkim,West Sikkim,Sapong,SH,27.269861,88.178139,Debris,Slide,,234,372,394,113
26439,SKM/NS/78A03/2017/03,Sikkim,West Sikkim,,SH,27.269917,88.077111,Debris,Slide,,239,408,352,102
26440,SKM/NS/78A03/2017/30,Sikkim,West Sikkim,Lungzick,SH,27.27,88.179944,Rock,Fall,,234,375,391,113
26441,SKM/SS/78A07/2015/330,Sikkim,South Sikkim,,Robang-Tarku Road,27.270056,88.430139,Debris,Slide,,283,370,346,118
26442,SKM/NS/78A03/2017/32,Sikkim,West Sikkim,Sapong,SH,27.270056,88.174444,Debris,Slide,,236,382,382,112
26443,SKM/NS/78A03/2017/17,Sikkim,West Sikkim,Jhum Khola,SH,27.270667,88.142056,Rock,Fall,,255,351,394,102
26444,SKM/NS/78A03/2017/33,Sikkim,West Sikkim,Lower Sapong,SH,27.27075,88.167417,Debris,Slide,,228,391,381,112
26445,SKM/SS/78A07/2015/331,Sikkim,South Sikkim,,Robang-Tarku Road,27.271583,88.430389,Debris,Slide,,283,370,346,118
26446,SKM/SS/78A07/2015/286,Sikkim,South Sikkim,,Gangla village Road,27.272056,88.394139,Debris,Slide,,249,358,393,114
26447,SKM/SS/78A07/2015/285,Sikkim,South Sikkim,,Sangmo village Road,27.273083,88.389528,Debris,Slide,,252,364,384,112
26448,SKM/WS/78A07/2015/362,Sikkim,West Sikkim,,,27.27325,88.303417,Debris,Slide,,273,334,393,104
26449,SKM/SS/78A07/2015/287,Sikkim,South Sikkim,,Gangla village Road,27.273861,88.398722,Debris,Slide,,240,362,398,113
26450,SKM/WS/78A07/2015/361,Sikkim,West Sikkim,,,27.2755,88.308056,Debris,Slide,,275,337,388,98
26451,SKM/NS/78A03/2017/04,Sikkim,West Sikkim,Kachapati,SH,27.27575,88.084972,Debris,Slide,,243,397,359,102
26452,SKM/WS/78A07/2015/358,Sikkim,West Sikkim,,Legship-Geyzing Road,27.275917,88.254278,Rock,Slide,,257,345,398,118
26453,SKM/SS/78A07/2015/288,Sikkim,South Sikkim,,Gangla village Road,27.276167,88.398722,Debris,Slide,,226,361,413,110
26454,SKM/SS/78A07/2015/332,Sikkim,South Sikkim,,Robang-Tarku Road,27.279889,88.436472,Debris,Slide,,278,354,368,118
26455,SKM/NS/78A15/2017/159,Sikkim,East Sikkim,Lungthang,SH,27.279972,88.804278,Debris,Slide,,233,399,369,111
26456,SKM/NS/78A03/2017/23,Sikkim,West Sikkim,Sardong,SH,27.279972,88.186917,Debris,Slide,,274,378,348,103
26457,SKM/NS/78A03/2017/26,Sikkim,West Sikkim,Lungzick,SH,27.280667,88.190861,Debris,Slide,,260,387,353,103
26458,SKM/NS/78A03/2017/05,Sikkim,West Sikkim,,SH,27.280889,88.084333,Debris,Slide,,267,368,365,99
26459,SKM/NS/78A03/2017/28,Sikkim,West Sikkim,Arigown,SH,27.281028,88.227667,Debris,Slide,,242,359,399,114
26460,SKM/NS/78A03/2017/22,Sikkim,West Sikkim,Sardong,SH,27.281444,88.187833,Debris,Slide,,274,380,346,103
26461,SKM/NS/78A03/2017/29,Sikkim,West Sikkim,Arigown,SH,27.281611,88.229556,Debris,Slide,,241,355,404,116
26462,SKM/SS/78A07/2015/334,Sikkim,South Sikkim,,Robang-Tarku Road,27.282,88.415028,Debris,Slide,,254,338,408,105
26463,SKM/ES/78A11/2015/97,Sikkim,East Sikkim,,,27.282444,88.598917,Debris,Slide,,274,372,355,119
26464,SKM/NS/78A03/2017/09,Sikkim,West Sikkim,Sarkitar,SH,27.282667,88.108278,Debris,Slide,,222,385,393,104
26465,SKM/NS/78A03/2017/21,Sikkim,West Sikkim,Sardong,SH,27.282917,88.189556,Debris,Slide,,281,392,327,105
26466,SKM/NS/78A03/2017/08,Sikkim,West Sikkim,,SH,27.283194,88.106667,Debris,Slide,,222,385,393,104
26467,SKM/NS/78A03/2017/25,Sikkim,West Sikkim,,SH,27.283444,88.192639,Debris,Slide,,268,404,328,106
26468,SKM/NS/78A03/2017/20,Sikkim,West Sikkim,Sardong,SH,27.283639,88.189944,Debris,Slide,,281,392,327,105
26469,SK/EAS/78A11/2014/01,Sikkim,East Sikkim,Dhankutey dhara Slide,3km away from Rumtek on Rumtek - Martam road.,27.28408,88.54611,Earth,Slide,28 August 2013,278,358,364,101
26470,SKM/WS/78A07/2015/359,Sikkim,West Sikkim,,Legship-Geyzing Road,27.284139,88.264889,Debris,Slide,,253,357,389,115
26471,SKM/SS/78A07/2015/291,Sikkim,South Sikkim,,Gangla village Road,27.28425,88.370056,Debris,Slide,,288,369,343,99
26472,SKM/NS/78A03/2017/24,Sikkim,West Sikkim,,SH,27.284528,88.195583,Debris,Slide,,288,378,333,103
26473,SKM/NS/78A03/2017/10,Sikkim,West Sikkim,,SH,27.28475,88.106194,Rock,Fall,,229,387,385,105
26474,SKM/NS/78A03/2017/27,Sikkim,West Sikkim,Sardong,SH,27.285,88.197583,Debris,Slide,,292,375,333,103
26475,SKM/SS/78A07/2015/292,Sikkim,South Sikkim,,Gangla village Road,27.287194,88.369444,Debris,Slide,,289,366,345,100
26476,SKM/NS/78A03/2017/11,Sikkim,West Sikkim,,SH,27.287361,88.102611,Debris,Slide,,279,407,315,102
26477,SKM/NS/78A03/2017/13,Sikkim,West Sikkim,,SH,27.288167,88.102778,Rock,Fall,,279,407,315,102
26478,SKM/NS/78A03/2017/12,Sikkim,West Sikkim,,SH,27.288444,88.102667,Rock,Fall,,279,407,315,102
26479,SKM/NS/78A15/2017/158,Sikkim,East Sikkim,,SH,27.288667,88.816111,Debris,Slide,,265,383,352,113
26480,SKM/NS/78A03/2017/06,Sikkim,West Sikkim,,SH,27.289861,88.084389,Debris,Slide,,281,367,352,96
26481,SKM/NS/78A15/2017/157,Sikkim,East Sikkim,Nathang Valley,SH,27.292583,88.820417,Debris,Slide,,252,405,343,107
26482,SKM/ES/78A11/2015/159,Sikkim,East Sikkim,,NH-31A,27.292944,88.589417,Debris,Slide,,277,359,364,117
26483,SKM/WS/78A07/2015/380,Sikkim,West Sikkim,,,27.293417,88.294917,Debris,Slide,,270,365,365,109
26484,SKM/ES/78A11/2015/98,Sikkim,East Sikkim,,Namok Road,27.293556,88.642056,Debris,Slide,,280,351,370,102
26485,SKM/NS/78A03/2017/07,Sikkim,West Sikkim,Kumuk,SH,27.294889,88.079944,Debris,Slide,,241,450,309,101
26486,SKM/NS/78A03/2017/14,Sikkim,West Sikkim,,SH,27.29525,88.102694,Debris,Slide,,240,420,340,102
26487,SKM/NS/78A03/2017/16,Sikkim,West Sikkim,,SH,27.295444,88.094583,Debris,Slide,,244,408,348,102
26488,SKM/NS/78A03/2017/15,Sikkim,West Sikkim,,SH,27.296028,88.10175,Debris,Slide,,240,420,340,102
26489,SKM/SS/78A07/2015/335,Sikkim,South Sikkim,,Robang-Tarku Road,27.297139,88.388472,Debris,Slide,,264,351,385,100
26490,SKM/SS/78A07/2015/338,Sikkim,South Sikkim,,Lingmo village Road,27.29975,88.419778,Debris,Slide,,266,366,368,105
26491,SKM/NS/78A03/2017/46,Sikkim,West Sikkim,Singdong,SH,27.301972,88.218778,Debris,Slide,,294,328,379,101
26492,SKM/SS/78A07/2015/284,Sikkim,South Sikkim,,Sangmo village Road,27.302861,88.373944,Debris,Slide,,309,362,329,99
26493,SKM/SS/78A07/2015/333,Sikkim,South Sikkim,,Robang-Tarku Road,27.303083,88.433167,Debris,Slide,,255,370,376,116
26494,SKM/NS/78A03/2017/107,Sikkim,West Sikkim,,SH,27.304028,88.178806,Debris,Slide,,268,387,345,101
26495,SKM/NS/78A03/2017/47,Sikkim,West Sikkim,Singdong,SH,27.30675,88.199083,Rock,Slide,,273,383,344,100
26496,SKM/SS/78A07/2015/336,Sikkim,South Sikkim,,Robang-Tarku Road,27.306806,88.375194,Debris,Slide,,278,388,334,101
26497,SKM/SS/78A07/2015/283,Sikkim,South Sikkim,,Sangmo village Road,27.306861,88.368444,Debris,Slide,,278,387,335,102
26498,SKM/SS/78A07/2015/337,Sikkim,South Sikkim,,Lingmo village Road,27.311667,88.418611,Debris,Subsidence,,247,378,374,107
26499,SKM/NS/78A03/2017/48,Sikkim,West Sikkim,Rimbi,SH,27.313722,88.189917,Rock,Slide,,237,377,386,110
26500,SKM/ES/78A11/2015/42,Sikkim,East Sikkim,,Lingdum Road,27.313917,88.557583,Debris,Slide,,263,366,371,102
26501,SKM/NS/78A15/2017/156,Sikkim,East Sikkim,Purana Baba Mandir,SH,27.3145,88.8365,Debris,Slide,,180,497,323,100
26502,SKM/SS/78A07/2015/340,Sikkim,South Sikkim,,Lingmo village Road,27.314694,88.417917,Debris,Subsidence,,252,364,384,110
26503,SKM/ES/78A11/2015/41,Sikkim,East Sikkim,,Lingdum Road,27.315028,88.558139,Rock,Fall,,263,366,371,102
26504,SKM/ES/78A11/2015/43,Sikkim,East Sikkim,,Lingdum Road,27.315028,88.558611,Debris,Slide,,271,363,366,103
26505,SKM/ES/78A11/2015/47,Sikkim,East Sikkim,Khamdong,,27.315083,88.506056,Debris,Slide,,274,324,402,100
26506,SKM/NS/78A03/2017/62,Sikkim,West Sikkim,,SH,27.315778,88.178944,Debris,Slide,,239,374,386,104
26507,SKM/ES/78A11/2015/44,Sikkim,East Sikkim,Sangmoo,Lingdum Road,27.316,88.559889,Rock,Slide,,267,361,372,109
26508,SKM/NS/78A03/2017/63,Sikkim,West Sikkim,,SH,27.316583,88.178917,Debris,Slide,,239,374,386,104
26509,SKM/ES/78A11/2015/45,Sikkim,East Sikkim,Lingdum,Lingdum Road,27.316944,88.560056,Rock,Fall,,267,361,372,109
26510,SKM/NS/78A03/2017/64,Sikkim,West Sikkim,,SH,27.317083,88.178556,Debris,Slide,,239,374,386,104
26511,SKM/NS/78A03/2017/61,Sikkim,West Sikkim,,SH,27.317417,88.182861,Debris,Slide,,238,360,402,109
26512,SK/WES/78A03/2014/02,Sikkim,West Sikkim,Tamabung slide,Tamabung (On Dharap-Nambu road),27.31892,88.16222,Debris,Flow,1 September 2013 at 21:30 hrs.,238,431,331,105
26513,SKM/NS/78A03/2017/65,Sikkim,West Sikkim,,SH,27.320111,88.177833,Debris,Slide,,259,415,327,104
26514,SKM/NS/78A03/2017/49,Sikkim,West Sikkim,Lower Melli,SH,27.320611,88.219611,Debris,Slide,,244,348,408,114
26515,SKM/NS/78A03/2017/59,Sikkim,West Sikkim,,SH,27.324944,88.213861,Debris,Slide,,238,351,411,102
26516,SKM/NS/78A03/2017/52,Sikkim,West Sikkim,,SH,27.326444,88.219,Rock,Slide,,233,350,417,107
26517,SKM/ES/78A11/2015/100,Sikkim,East Sikkim,,Namok Road,27.329361,88.649278,Debris,Slide,,258,361,381,100
26518,SKM/ES/78A11/2015/99,Sikkim,East Sikkim,,Namok Road,27.329472,88.648917,Debris,Slide,,258,361,381,100
26519,SKM/NS/78A03/2017/58,Sikkim,West Sikkim,,SH,27.3305,88.215639,Debris,Slide,,254,368,379,99
26520,SKM/NS/78A03/2017/57,Sikkim,West Sikkim,,SH,27.33075,88.216333,Debris,Slide,,254,368,379,99
26521,SKM/ES/78A07/2015/48,Sikkim,East Sikkim,Makha,Singtam-Dikchu Road,27.330778,88.49225,Debris,Slide,,277,351,372,105
26522,SKM/SS/78A07/2015/339,Sikkim,South Sikkim,,Lingmo village Road,27.330917,88.450528,Debris,Slide,,264,355,381,114
26523,SKM/NS/78A03/2017/56,Sikkim,West Sikkim,,SH,27.33325,88.213583,Debris,Slide,,242,374,384,99
26524,SKM/NS/78A03/2017/53,Sikkim,West Sikkim,Tadong,SH,27.333333,88.212972,Debris,Slide,,242,374,384,99
26525,SKM/NS/78A03/2017/54,Sikkim,West Sikkim,,SH,27.335,88.206722,Debris,Slide,,251,384,365,103
26526,SKM/ES/78A11/2015/417,Sikkim,East Sikkim,,Changhu_Nathula Road,27.337194,88.621833,Debris,Slide,,264,365,372,106
26527,SKM/NS/78A03/2017/50,Sikkim,West Sikkim,,SH,27.339806,88.227361,Rock,Slide,,228,365,407,115
26528,SKM/ES/78A11/2015/416,Sikkim,East Sikkim,,Changhu_Nathula Road,27.340917,88.628389,Debris,Slide,,251,392,358,102
26529,SKM/ES/78A11/2015/412,Sikkim,East Sikkim,,Changhu_Nathula Road,27.341444,88.626194,Debris,Slide,,259,387,354,104
26530,SKM/NS/78A03/2017/51,Sikkim,West Sikkim,13th Mile,SH,27.342,88.223722,Rock,Slide,,238,369,393,107
26531,SKM/NS/78A03/2017/60,Sikkim,West Sikkim,,SH,27.345028,88.246639,Debris,Slide,,248,370,382,103
26532,SKM/NS/78A03/2017/55,Sikkim,West Sikkim,,SH,27.347278,88.196833,Debris,Slide,,252,382,366,98
26533,SKM/ES/78A11/2015/46,Sikkim,East Sikkim,Sichey,Ranka Road,27.348722,88.600556,Debris,Slide,,265,380,355,105
26534,SKM/SS/78A07/2015/53,Sikkim,South Sikkim,,Chongrang Road,27.351194,88.272417,Rock,Fall,,237,358,405,102
26535,SKM/WS/78A07/2015/381,Sikkim,West Sikkim,,Chongrang Road,27.3515,88.273028,Debris,Slide,,242,367,390,107
26536,SKM/NS/78A15/2017/155,Sikkim,East Sikkim,,SH,27.358583,88.840194,Debris,Slide,,189,454,357,104
26537,SKM/NS/78A15/2017/154,Sikkim,East Sikkim,,SH,27.361583,88.839306,Debris,Slide,,192,447,362,104
26538,SKM/NS/78A15/2017/148,Sikkim,East Sikkim,Yakla,SH,27.364583,88.787333,Debris,Slide,,192,437,372,108
26539,SKM/NS/78A15/2017/153,Sikkim,East Sikkim,Naya Baba Mandir,SH,27.364722,88.834917,Debris,Slide,,161,467,372,103
26540,SKM/ES/78A11/2015/410,Sikkim,East Sikkim,,Changhu_Nathula Road,27.365056,88.655167,Debris,Slide,,262,386,351,102
26541,SKM/SS/78A07/2015/342,Sikkim,South Sikkim,,Lingmo village Road,27.366944,88.449806,Debris,Slide,,256,367,376,105
26542,SKM/NS/78A15/2017/146,Sikkim,East Sikkim,Thengu,SH,27.367111,88.776028,Rock,Slide,,185,435,380,107
26543,SKM/ES/78A11/2015/161,Sikkim,East Sikkim,,,27.368194,88.711167,Rock,Fall,,309,348,343,100
26544,SKM/ES/78A11/2015/398,Sikkim,East Sikkim,,Changhu_Nathula Road,27.368278,88.711278,Debris,Slide,,309,348,343,100
26545,SKM/NS/78A15/2017/149,Sikkim,East Sikkim,,SH,27.368917,88.794611,Debris,Slide,,187,458,355,105
26546,SKM/ES/78A11/2015/405,Sikkim,East Sikkim,,Changhu_Nathula Road,27.369306,88.691583,Debris,Slide,,281,390,328,101
26547,SKM/ES/78A11/2015/160,Sikkim,East Sikkim,,,27.369333,88.714917,Rock,Fall,,277,394,329,109
26548,SKM/SS/78A07/2015/341,Sikkim,South Sikkim,,Lingmo village Road,27.369778,88.456833,Debris,Slide,,275,354,371,107
26549,SKM/ES/78A11/2015/415,Sikkim,East Sikkim,,Changhu_Nathula Road,27.370083,88.67925,Debris,Slide,,253,397,350,101
26550,SKM/ES/78A11/2015/406,Sikkim,East Sikkim,,Changhu_Nathula Road,27.370472,88.686417,Debris,Slide,,278,395,327,101
26551,SKM/ES/78A11/2015/408,Sikkim,East Sikkim,,Changhu_Nathula Road,27.37075,88.679444,Debris,Slide,,259,401,340,101
26552,SKM/ES/78A11/2015/407,Sikkim,East Sikkim,,Changhu_Nathula Road,27.370861,88.683167,Debris,Slide,,272,385,342,101
26553,SKM/ES/78A07/2015/166,Sikkim,East Sikkim,,Namchi-Namthang Road,27.370972,88.710111,Rock,Fall,,268,358,374,101
26554,SKM/ES/78A11/2015/399,Sikkim,East Sikkim,,Changhu_Nathula Road,27.371472,88.709722,Debris,Slide,,268,358,374,101
26555,SKM/ES/78A11/2015/409,Sikkim,East Sikkim,,Changhu_Nathula Road,27.371806,88.677167,Debris,Slide,,267,387,346,101
26556,SKM/ES/78A11/2015/404,Sikkim,East Sikkim,,Changhu_Nathula Road,27.372278,88.688944,Debris,Slide,,304,382,314,100
26557,SKM/ES/78A11/2015/57,Sikkim,East Sikkim,,North Sikkim Highway,27.372333,88.617556,Rock,Fall,,242,419,339,102
26558,SKM/ES/78A11/2015/136,Sikkim,East Sikkim,,Changhu_Nathula Road,27.372806,88.739139,Debris,Slide,,200,459,342,108
26559,SKM/ES/78A11/2015/140,Sikkim,East Sikkim,,Changhu_Nathula Road,27.373083,88.720028,Debris,Slide,,230,424,345,102
26560,SKM/ES/78A11/2015/397,Sikkim,East Sikkim,,Changhu_Nathula Road,27.373472,88.721944,Debris,Slide,,228,429,343,106
26561,SKM/ES/78A11/2015/137,Sikkim,East Sikkim,,Changhu_Nathula Road,27.373472,88.731722,Debris,Slide,,248,417,335,103
26562,SKM/NS/78A11/2015/78,Sikkim,North Sikkim,,Gangtok-Chungthang Road,27.374583,88.542444,Rock,Fall,,276,343,381,97
26563,SKM/NS/78A11/2015/02,Sikkim,North Sikkim,,North Sikkim Highway,27.374583,88.542333,Debris,Slide,,267,360,373,99
26564,SKM/NS/78A15/2017/147,Sikkim,East Sikkim,Thengu,SH,27.37475,88.782889,Rock,Slide,,165,446,388,103
26565,SKM/ES/78A11/2015/138,Sikkim,East Sikkim,,Changhu_Nathula Road,27.375028,88.728278,Debris,Slide,,236,427,337,104
26566,SKM/NS/78A11/2015/79,Sikkim,North Sikkim,,Gangtok-Chungthang Road,27.375139,88.542833,Rock,Fall,,276,343,381,97
26567,SKM/ES/78A11/2015/400,Sikkim,East Sikkim,,Changhu_Nathula Road,27.375139,88.708028,Debris,Slide,,223,436,341,109
26568,SKM/NS/78A11/2015/01,Sikkim,North Sikkim,,North Sikkim Highway,27.375194,88.54275,Rock,Fall,,276,340,385,97
26569,SKM/ES/78A11/2015/58,Sikkim,East Sikkim,,North Sikkim Highway,27.375806,88.625278,Rock,Fall,,276,384,340,99
26570,SKM/ES/78A11/2015/139,Sikkim,East Sikkim,,Changhu_Nathula Road,27.375833,88.726722,Rock,Slide,,227,431,343,106
26571,SKM/NS/78A15/2017/150,Sikkim,East Sikkim,Yakla,SH,27.376222,88.799667,Debris,Slide,,148,470,382,102
26572,SKM/ES/78A11/2015/59,Sikkim,East Sikkim,,North Sikkim Highway,27.376306,88.629583,Rock,Fall,,284,388,328,102
26573,SKM/NS/78A15/2017/144,Sikkim,East Sikkim,Changu,SH,27.376861,88.766167,Debris,Slide,,186,447,367,106
26574,SKM/NS/78A15/2017/145,Sikkim,East Sikkim,Thengu,SH,27.378306,88.770083,Debris,Slide,,185,458,357,104
26575,SKM/ES/78A11/2015/402,Sikkim,East Sikkim,,Changhu_Nathula Road,27.378417,88.697222,Debris,Slide,,285,390,325,104
26576,SKM/NS/78A11/2015/80,Sikkim,North Sikkim,,Gangtok-Chungthang Road,27.378444,88.541667,Rock,Fall,,273,336,392,99
26577,SKM/ES/78A11/2015/60,Sikkim,East Sikkim,,North Sikkim Highway,27.378611,88.631083,Rock,Fall,,275,389,336,102
26578,SKM/ES/78A11/2015/414,Sikkim,East Sikkim,,Changhu_Nathula Road,27.378667,88.699611,Rock,Topple,,286,387,327,102
26579,SKM/WS/78A07/2015/357,Sikkim,West Sikkim,,Dhupidara Road,27.379639,88.315361,Debris,Slide,,252,356,392,100
26580,SKM/ES/78A11/2015/413,Sikkim,East Sikkim,,Changhu_Nathula Road,27.380806,88.726,Debris,Slide,,199,432,369,104
26581,SKM/NS/78A15/2017/152,Sikkim,East Sikkim,,SH,27.380861,88.812361,Debris,Slide,,165,480,355,104
26582,SKM/ES/78A11/2015/61,Sikkim,East Sikkim,,North Sikkim Highway,27.381278,88.632611,Rock,Fall,,266,389,345,100
26583,SKM/ES/78A11/2015/411,Sikkim,East Sikkim,,Changhu_Nathula Road,27.381306,88.690444,Debris,Slide,,211,438,351,106
26584,SKM/ES/78A11/2015/403,Sikkim,East Sikkim,,Changhu_Nathula Road,27.381556,88.691806,Debris,Slide,,211,438,351,106
26585,SKM/ES/78A11/2015/63,Sikkim,East Sikkim,,North Sikkim Highway,27.381917,88.640333,Rock,Fall,,235,412,354,102
26586,SKM/ES/78A11/2015/401,Sikkim,East Sikkim,,Changhu_Nathula Road,27.383361,88.702611,Debris,Slide,,217,440,344,110
26587,SKM/WS/78A07/2015/356,Sikkim,West Sikkim,,Dhupidara Road,27.383611,88.305806,Rock,Topple,,247,404,348,100
26588,SKM/NS/78A15/2017/151,Sikkim,East Sikkim,Sherethang,SH,27.38375,88.808694,Debris,Slide,,160,475,364,104
26589,SKM/ES/78A11/2015/62,Sikkim,East Sikkim,,North Sikkim Highway,27.383806,88.633083,Rock,Fall,,258,399,343,98
26590,SKM/ES/78A11/2015/64,Sikkim,East Sikkim,,North Sikkim Highway,27.384444,88.639611,Rock,Slide,,261,397,342,101
26591,SKM/WS/78A07/2015/355,Sikkim,West Sikkim,,Dhupidara Road,27.389222,88.310972,Rock,Fall,,246,386,369,112
26592,SKM/WS/78A07/2015/354,Sikkim,West Sikkim,,Dhupidara Road,27.393139,88.310139,Debris,Slide,,245,418,337,101
26593,SKM/ES/78A11/2015/65,Sikkim,East Sikkim,,North Sikkim Highway,27.394,88.62525,Rock,Slide,,265,379,356,99
26594,SKM/WS/78A07/2015/353,Sikkim,West Sikkim,,Dhupidara Road,27.395028,88.307389,Rock,Fall,,244,420,336,103
26595,SKM/ES/78A11/2015/66,Sikkim,East Sikkim,,North Sikkim Highway,27.395444,88.623583,Rock,Slide,,265,375,360,97
26596,SKM/NS/78A11/2015/04,Sikkim,North Sikkim,Kabi,North Sikkim Highway,27.3955,88.623556,Debris,Slide,,265,375,360,97
26597,SKM/WS/78A07/2015/352,Sikkim,West Sikkim,,Dhupidara Road,27.3955,88.306889,Debris,Slide,,239,424,336,102
26598,SKM/NS/78A11/2015/82,Sikkim,North Sikkim,,Dikchu-Mangshila Road,27.395556,88.517528,Rock,Slide,,284,340,376,105
26599,SKM/ES/78A11/2015/67,Sikkim,East Sikkim,,North Sikkim Highway,27.395639,88.621667,Debris,Slide,,265,375,360,97
26600,SKM/NS/78A11/2015/81,Sikkim,North Sikkim,,Dikchu-Mangshila Road,27.397083,88.519167,Debris,Slide,,279,337,384,114
26601,SKM/WS/78A07/2015/375,Sikkim,West Sikkim,,Narkhola Road,27.397389,88.356139,Rock,Fall,,271,333,396,99
26602,SKM/ES/78A11/2015/68,Sikkim,East Sikkim,,North Sikkim Highway,27.398083,88.614583,Debris,Slide,,279,361,360,97
26603,SKM/WS/78A07/2015/377,Sikkim,West Sikkim,,Narkhola Road,27.399806,88.329139,Debris,Slide,,250,382,367,102
26604,SKM/WS/78A07/2015/376,Sikkim,West Sikkim,,Narkhola Road,27.400278,88.356861,Debris,Slide,,267,354,379,102
26605,SKM/NS/78A11/2015/76,Sikkim,North Sikkim,,North Sikkim Highway,27.40825,88.571167,Rock,Slide,,263,351,386,103
26606,SKM/NS/78A11/2015/77,Sikkim,North Sikkim,,North Sikkim Highway,27.409667,88.543722,Rock,Fall,,272,325,404,98
26607,SKM/NOR/78A11/2014/007,Sikkim,North Sikkim,Tanek Rockslide,Tanek (On North-Sikkim High Way),27.4097,88.54371,Rock,Fall,24 June 2014,272,325,404,98
26608,SKM/NS/78A11/2015/09,Sikkim,North Sikkim,,North Sikkim Highway,27.409861,88.543722,Rock,Fall,,272,325,404,98
26609,SKM/NS/78A11/2015/83,Sikkim,North Sikkim,,Dikchu-Mangshila Road,27.411306,88.516611,Rock,Slide,,301,338,362,115
26610,SKM/NS/78A11/2015/69,Sikkim,North Sikkim,,North Sikkim Highway,27.412111,88.627083,Debris,Slide,,300,364,337,97
26611,SKM/NS/78A11/2015/03,Sikkim,North Sikkim,Kabi,North Sikkim Highway,27.412111,88.626944,Debris,Slide,,300,364,337,97
26612,SKM/NS/78A11/2015/24,Sikkim,North Sikkim,,North Sikkim Highway,27.417306,88.622361,Debris,Slide,,288,373,339,106
26613,SKM/NS/78A11/2015/71,Sikkim,North Sikkim,,North Sikkim Highway,27.417389,88.621222,Debris,Slide,,290,372,338,102
26614,SKM/NS/78A11/2015/23,Sikkim,North Sikkim,,North Sikkim Highway,27.417444,88.621083,Debris,Slide,,290,372,338,102
26615,SKM/NS/78A11/2015/25,Sikkim,North Sikkim,,North Sikkim Highway,27.417778,88.623389,Rock,Fall,,288,373,339,106
26616,SKM/NS/78A11/2015/26,Sikkim,North Sikkim,,North Sikkim Highway,27.417972,88.623361,Rock,Fall,,288,373,339,106
26617,SKM/NS/78A11/2015/70,Sikkim,North Sikkim,,North Sikkim Highway,27.418,88.623333,Debris,Slide,,288,373,339,106
26618,SKM/NS/78A11/2015/05,Sikkim,North Sikkim,,North Sikkim Highway,27.418472,88.616083,Debris,Slide,,265,360,374,103
26619,SKM/NS/78A11/2015/06,Sikkim,North Sikkim,,North Sikkim Highway,27.418667,88.616778,Debris,Slide,,265,360,374,103
26620,SKM/NS/78A11/2015/84,Sikkim,North Sikkim,,Dikchu-Mangshila Road,27.420028,88.515944,Rock,Fall,,300,342,358,104
26621,SKM/NS/78A11/2015/85,Sikkim,North Sikkim,,Dikchu-Mangshila Road,27.426,88.514,Debris,Slide,,283,349,369,114
26622,SKM/NS/78A11/2015/74,Sikkim,North Sikkim,,North Sikkim Highway,27.426361,88.583028,Debris,Slide,,269,390,341,98
26623,SKM/NS/78A11/2015/75,Sikkim,North Sikkim,,North Sikkim Highway,27.426361,88.583028,Debris,Slide,,269,390,341,98
26624,SKM/NS/78A11/2015/72,Sikkim,North Sikkim,,North Sikkim Highway,27.429556,88.611667,Debris,Slide,,264,365,371,101
26625,SKM/NS/78A11/2015/86,Sikkim,North Sikkim,,Dikchu-Mangshila Road,27.433083,88.514528,Debris,Slide,,305,332,363,109
26626,SKM/NS/78A11/2015/87,Sikkim,North Sikkim,,Dikchu-Mangshila Road,27.435944,88.515167,Rock,Slide,,312,333,355,110
26627,SKM/NS/78A11/2015/10,Sikkim,North Sikkim,Sheyam,North Sikkim Highway,27.436556,88.526639,Debris,Slide,,282,381,337,109
26628,SKM/NS/78A11/2015/73,Sikkim,North Sikkim,,North Sikkim Highway,27.437444,88.613972,Debris,Slide,,258,409,333,97
26629,SKM/NS/78A11/2015/07,Sikkim,North Sikkim,Chawang,North Sikkim Highway,27.437889,88.601694,Debris,Slide,,242,442,316,97
26630,SKM/NS/78A11/2015/08,Sikkim,North Sikkim,,North Sikkim Highway,27.437889,88.601694,Debris,Slide,,242,442,316,97
26631,SKM/NS/78A11/2015/11,Sikkim,North Sikkim,,North Sikkim Highway,27.438139,88.527028,Debris,Slide,,252,358,390,104
26632,SKM/NS/78A11/2015/88,Sikkim,North Sikkim,,Dikchu-Mangshila Road,27.438389,88.514389,Debris,Slide,,307,333,360,112
26633,SKM/NS/78A11/2015/12,Sikkim,North Sikkim,,North Sikkim Highway,27.438778,88.527444,Debris,Slide,,252,358,390,104
26634,SKM/NS/78A11/2015/89,Sikkim,North Sikkim,,Dikchu-Mangshila Road,27.441056,88.513694,Rock,Slide,,306,333,361,107
26635,SKM/NS/78A11/2015/90,Sikkim,North Sikkim,,Dikchu-Mangshila Road,27.448306,88.519667,Debris,Slide,,290,337,373,109
26636,SKM/NS/78A11/2015/91,Sikkim,North Sikkim,,Dikchu-Mangshila Road,27.461694,88.523472,Debris,Slide,,273,341,386,109
26637,SKM/NS/78A11/2015/92,Sikkim,North Sikkim,,North Sikkim Highway,27.4795,88.528472,Rock,Slide,,281,347,373,114
26638,SKM/NS/78A11/2015/95,Sikkim,North Sikkim,,North Sikkim Highway,27.480472,88.531194,Rock,Slide,,270,356,374,112
26639,SKM/NS/78A11/2015/96,Sikkim,North Sikkim,,North Sikkim Highway,27.481083,88.530667,Debris,Slide,,291,339,371,111
26640,SKM/NS/78A11/2015/93,Sikkim,North Sikkim,,North Sikkim Highway,27.482583,88.52875,Rock,Slide,,298,332,370,113
26641,SKM/NS/78A11/2015/94,Sikkim,North Sikkim,,North Sikkim Highway,27.482583,88.529528,Debris,Slide,,291,339,371,111
26642,SKM/NOR/78A11/2014/006,Sikkim,North Sikkim,Ambithang Landslide,Ambithang (On Rangrang- Mangan road ),27.48603,88.53269,Debris,Slide,8 July 2014,293,339,368,115
26643,SKM/NS/78A10/2017/166,Sikkim,North Sikkim,Mangan,NH,27.502,88.5375,Debris,Slide,,255,362,383,109
26644,SKM/NOR/78A10/2014/004,Sikkim,North Sikkim,Pakshek Landslide,Pakshek ( Mangan-Chungthang road on North highway),27.5091,88.53848,Rock,Slide,1 July 2014,258,352,390,108
26645,SKM/NS/78A10/2017/169,Sikkim,North Sikkim,Lanthey Khola,NH,27.514972,88.565472,Debris,Slide,,291,365,344,95
26646,SKM/NOR/78A10/2014/005,Sikkim,North Sikkim,Lanthakhola,Lanthakhola (On Mangan to Chungthang road ),27.5152,88.56456,Debris,Slide,"1983, 8 July 2014",294,353,353,96
26647,SKM/NS/78A10/2017/170,Sikkim,North Sikkim,,NH,27.516444,88.587361,Debris,Slide,,293,358,349,95
26648,SKM/NS/78A10/2017/167,Sikkim,North Sikkim,,NH,27.517278,88.539667,Debris,Slide,,283,344,373,101
26649,SKM/NS/78A10/2017/168,Sikkim,North Sikkim,,NH,27.517306,88.542889,Rock,Slide,,265,344,391,100
26650,SKM/NS/78A10/2017/175,Sikkim,North Sikkim,,NH,27.527194,88.603222,Debris,Slide,,251,375,374,99
26651,SKM/NS/78A10/2017/171,Sikkim,North Sikkim,,NH,27.527333,88.590778,Debris,Slide,,263,359,379,96
26652,SKM/NS/78A10/2017/176,Sikkim,North Sikkim,,NH,27.527722,88.607972,Debris,Slide,,243,405,352,99
26653,SKM/NS/78A10/2017/174,Sikkim,North Sikkim,,NH,27.527917,88.60225,Debris,Slide,,251,375,374,99
26654,SKM/NS/78A10/2017/173,Sikkim,North Sikkim,,NH,27.528722,88.600833,Debris,Slide,,255,384,360,98
26655,SKM/NS/78A10/2017/172,Sikkim,North Sikkim,,NH,27.529639,88.598139,Debris,Slide,,259,380,361,96
26656,SKM/NS/78A10/2017/177,Sikkim,North Sikkim,Naga,NH,27.531667,88.606333,Debris,Slide,,251,385,364,98
26657,SKM/NS/78A10/2017/178,Sikkim,North Sikkim,,NH,27.533722,88.609278,Rock,Slide,,263,366,371,105
26658,SKM/NS/78A10/2017/179,Sikkim,North Sikkim,,NH,27.535056,88.610194,Debris,Slide,,269,382,349,103
26659,SK/ED/78A6/2016/01,Sikkim,North Sikkim,Dzongu landslide,"Left bank slope of Talong Chu (locally known as Kanaka river), just opposite to the Dzongu (Upper) village",27.535333,88.497972,Rock,Slide/Avalanch e,13 August 2016 at 13:30 hrs.,264,352,384,110
26660,SKM/NS/78A10/2017/180,Sikkim,North Sikkim,,NH,27.5435,88.628306,Debris,Slide,,273,369,358,109
26661,SKM/NS/78A10/2017/196,Sikkim,North Sikkim,,NH,27.54375,88.58475,Debris,Slide,,241,415,344,102
26662,SKM/NS/78A10/2017/181,Sikkim,North Sikkim,,NH,27.545694,88.636,Debris,Slide,,279,369,353,100
26663,SKM/NS/78A10/2017/195,Sikkim,North Sikkim,,NH,27.545861,88.585194,Debris,Slide,,235,416,350,104
26664,SKM/NS/78A10/2017/194,Sikkim,North Sikkim,,NH,27.546333,88.586472,Debris,Slide,,230,418,352,98
26665,SKM/NS/78A10/2017/190,Sikkim,North Sikkim,,NH,27.547111,88.602667,Debris,Slide,,258,404,338,97
26666,SKM/NS/78A10/2017/182,Sikkim,North Sikkim,,NH,27.548417,88.641944,Debris,Slide,,256,382,362,99
26667,SKM/NS/78A10/2017/191,Sikkim,North Sikkim,,NH,27.549194,88.583556,Debris,Slide,,236,416,348,100
26668,SKM/NS/78A10/2017/183,Sikkim,North Sikkim,Tung,NH,27.549306,88.644889,Debris,Slide,,260,380,361,99
26669,SKM/NS/78A10/2017/184,Sikkim,North Sikkim,,NH,27.550917,88.646056,Debris,Slide,,251,388,361,106
26670,SKM/NS/78A10/2017/185,Sikkim,North Sikkim,,NH,27.552528,88.653528,Rock,Slide,,266,374,360,112
26671,SKM/NS/78A10/2017/189,Sikkim,North Sikkim,,NH,27.552861,88.622306,Debris,Slide,,224,424,352,101
26672,SKM/NS/78A10/2017/192,Sikkim,North Sikkim,,NH,27.553556,88.581222,Debris,Slide,,240,413,348,98
26673,SKM/NS/78A10/2017/193,Sikkim,North Sikkim,,NH,27.553583,88.577194,Debris,Slide,,220,402,377,99
26674,SKM/NS/78A10/2017/186,Sikkim,North Sikkim,,NH,27.554889,88.654444,Debris,Slide,,270,369,361,112
26675,SKM/NS/78A10/2017/188,Sikkim,North Sikkim,,NH,27.55525,88.647556,Debris,Slide,,216,429,355,103
26676,SKM/NS/78A10/2017/187,Sikkim,North Sikkim,,NH,27.575444,88.651417,Debris,Slide,,234,439,327,102
26677,SKM/NS/78A10/2017/197,Sikkim,North Sikkim,Chungthang,NH,27.609056,88.652028,Debris,Slide,,205,446,349,106
26678,SKM/NS/78A10/2017/198,Sikkim,North Sikkim,,NH,27.611333,88.655222,Debris,Slide,,214,437,349,107
26679,SKM/NS/78A10/2017/199,Sikkim,North Sikkim,,NH,27.613444,88.656528,Debris,Slide,,216,446,339,107
26680,SKM/NS/78A10/2017/230,Sikkim,North Sikkim,,NH,27.61775,88.623639,Debris,Slide,,211,437,352,99
26681,SKM/NS/78A10/2017/229,Sikkim,North Sikkim,,NH,27.619722,88.618861,Debris,Slide,,207,442,351,98
26682,SKM/NS/78A10/2017/228,Sikkim,North Sikkim,,NH,27.621806,88.618694,Debris,Slide,,207,441,352,99
26683,SKM/NS/78A10/2017/200,Sikkim,North Sikkim,,NH,27.628083,88.685306,Debris,Slide,,209,425,365,103
26684,SKM/NS/78A10/2017/202,Sikkim,North Sikkim,,NH,27.629361,88.695194,Debris,Slide,,197,443,359,104
26685,SKM/NS/78A10/2017/201,Sikkim,North Sikkim,,NH,27.6295,88.692778,Debris,Slide,,198,445,357,103
26686,SKM/NS/78A10/2017/227,Sikkim,North Sikkim,,NH,27.629944,88.619833,Debris,Slide,,204,424,371,104
26687,SKM/NS/78A10/2017/203,Sikkim,North Sikkim,,NH,27.637167,88.712028,Debris,Slide,,197,467,337,102
26688,SKM/NS/78A10/2017/204,Sikkim,North Sikkim,,NH,27.638694,88.711694,Debris,Slide,,193,454,353,98
26689,SKM/NS/78A10/2017/226,Sikkim,North Sikkim,Munshithang,NH,27.641139,88.612,Debris,Slide,,198,424,378,104
26690,SKM/NS/78A10/2017/225,Sikkim,North Sikkim,,NH,27.652861,88.607,Debris,Slide,,206,417,377,94
26691,SKM/NS/78A10/2017/224,Sikkim,North Sikkim,Rabom,NH,27.662444,88.602556,Debris,Slide,,202,417,382,102
26692,SKM/NS/78A10/2017/205,Sikkim,North Sikkim,,NH,27.675778,88.733417,Debris,Slide,,179,454,367,103
26693,SKM/NS/78A10/2017/223,Sikkim,North Sikkim,,NH,27.676722,88.597194,Debris,Slide,,174,429,397,96
26694,SKM/NS/78A10/2017/206,Sikkim,North Sikkim,,NH,27.686389,88.73875,Debris,Slide,,178,476,346,107
26695,SKM/NS/78A10/2017/222,Sikkim,North Sikkim,Bansoi,NH,27.697139,88.57025,Debris,Slide,,212,431,357,83
26696,SKM/NS/78A10/2017/221,Sikkim,North Sikkim,,NH,27.700444,88.566083,Debris,Slide,,176,447,377,86
26697,SKM/NS/78A10/2017/220,Sikkim,North Sikkim,,NH,27.701333,88.565083,Debris,Slide,,176,447,377,86
26698,SKM/NS/78A10/2017/219,Sikkim,North Sikkim,,NH,27.703917,88.562306,Debris,Slide,,186,439,375,89
26699,SKM/NS/78A10/2017/218,Sikkim,North Sikkim,,NH,27.704028,88.56175,Debris,Slide,,186,439,375,89
26700,SKM/NS/78A10/2017/217,Sikkim,North Sikkim,,NH,27.704306,88.560694,Debris,Slide,,186,439,375,89
26701,SKM/NS/78A10/2017/216,Sikkim,North Sikkim,,NH,27.713944,88.557361,Debris,Slide,,204,424,372,103
26702,SKM/NS/78A10/2017/215,Sikkim,North Sikkim,,NH,27.723611,88.550472,Debris,Slide,,205,428,366,93
26703,SKM/NS/78A10/2017/214,Sikkim,North Sikkim,,NH,27.724222,88.552861,Debris,Slide,,192,443,365,101
26704,SKM/NS/78A10/2017/213,Sikkim,North Sikkim,Chaten,NH,27.726083,88.54975,Debris,Slide,,192,443,365,101
26705,SKM/NS/78A10/2017/212,Sikkim,North Sikkim,,NH,27.728472,88.551667,Debris,Slide,,195,444,361,103
26706,SKM/NS/78A10/2017/211,Sikkim,North Sikkim,Lachen,NH,27.735278,88.54925,Debris,Slide,,178,474,348,101
26707,SKM/NS/78A10/2017/210,Sikkim,North Sikkim,,NH,27.74075,88.54525,Debris,Slide,,177,455,368,101
26708,SKM/NS/78A10/2017/209,Sikkim,North Sikkim,,NH,27.740944,88.545361,Debris,Slide,,177,455,368,101
26709,SKM/NS/78A10/2017/208,Sikkim,North Sikkim,,NH,27.745194,88.544278,Debris,Slide,,177,457,366,97
26710,SKM/NS/78A10/2017/207,Sikkim,North Sikkim,,NH,27.749111,88.542972,Debris,Slide,,165,468,367,95
26711,SKM/EAST/78A12/2015/001,Sikkim,East Sikkim,3rd Mile Subsidence,Kumrek (On Rangpo-Kumrek road ),27.18822222,88.56238889,Debris,Subsidence,July 2015,263,383,355,118
26712,SKM/EAST/78A12/2015/002,Sikkim,East Sikkim,Kumrek landslide,Kumrek (On Rangpo-Kumrek road ),27.179,88.53313889,Rock,Slide,8 July 2015,262,370,368,120
26713,SKM/NORTH/78A11/2015/003,Sikkim,North Sikkim,Rangrang Landslide,Rangrang (On Mangan to Dikchu road ),27.46166,88.52341,Debris,Debris slide,1 June 2015,273,341,386,109
26714,SKM/EAST/78A11/2015/004,Sikkim,East Sikkim,Tumin Landslide,Tumin,27.33208,88.50902,Debris,Debris slide,11 July 2015,266,371,363,104
26715,SKM/ND/78A/06_10/ 2016/01,Sikkim,North Sikkim,Dzongu landslide,"Left bank slope of Talong Chu (locally known as Kanaka river), just opposite to the Dzongu (Upper) village",27.53533333,88.49797222,Mainly rock boulders containing mica schist along with boulders of gneiss and quartzite.,Slide/Avalanch e,"2006, 13 August 2016 at 13:30 hrs.",264,352,384,110
26716,State: Sikkim/district: East District/toposheet: 78A/11/year: 2018/serial no.,Sikkim,East Sikkim,"Upper Syari, Deorali, Gangtok","Near Butter fly Chowk, Syari, Deorali, Gangtok",27.31583333,88.60666667,Debris,Bulging and slope failure,"7 August 2018, 9 August 2018",280,352,368,117
26717,State: Sikkim/district: East District/toposheet: 78A/11/year: 2018/serial no.,Sikkim,East Sikkim,1st BN Sikkim Scouts and the road stretch (JNM axis) ahead of MS-8,State Highway; near 8th Mile,27.37027778,88.67361111,Debris,Subsidence,August 2018,256,406,338,101
26718,State: Sikkim/district: North District/toposheet: 78A/11/year: 2018/serial no.,Sikkim,North Sikkim,Kabi Landslide,State Highway; 4 km before Kabi village,27.39305556,88.63527778,Rock,Slide,"Mid-July 2018, 2 August 2018",267,407,326,101
26719,Sikkim/ East District/ 78A/11/2019/,Sikkim,East Sikkim,Chubba Khola,"Marchak-Rumtek road, about 9 kms from Ranipool",27.28081944,88.57090278,Boulders and debris,Slide,2017,264,371,365,103
26720,Sikkim/ East District/ 78A/11/2019/,Sikkim,East Sikkim,Martam,"NH-10A, Martam",27.25941667,88.55038889,Boulders and debris,Debris slide,2017,305,370,325,117
26721,State: Sikkim/District : West District/Toposheet: 78A/03/year: 2019,Sikkim,West District,Yuksom-Tsong Village landslide,"Yuksom in West Sikkim, local village road up to Tsong Village",27.36473056,88.23727778,Multiple slide comprising of Earth or soil slide / flow,Multiple type of movements includes debris slide / Earth or soil slide / flow / lateral spread,16 September 2019,256,437,307,103
26722,State: Sikkim/District: East District/Toposheet: 78A/11/year: 2019/,Sikkim,East Sikkim,"Palzor Stadium road, Gangtok","Near Tamang Monastery, Palzor Stadium road, Gangtok",27.33825,88.60911111,Debris,Slide/Subsidenc e,23 April 2019 at 05:00 hrs.,266,367,368,111
26723,Sikkim/ East District/ 78A/11/2019/,Sikkim,East Sikkim,Tumlabung,Near Lower Tumlabung on Ranipool-Tumlabung Bye Pass road,27.27352778,88.57783333,Debris,Slide,July/August 2019,270,352,378,115
26724,SK/NS/78A11/,Sikkim,East Sikkim (Near Kaabi),Kaabi II,"NH 31A, Near B2 Bridge.",27.38107778,88.64063333,Rock,Rock Slide,,235,412,354,102
26725,Sikkim/ North District/ 78A/11/2020/02,Sikkim,North Sikkim,"Dhare Slide, Kabi",North Sikkim Highway/ Dhare/Kabi,27.39866667,88.62358333,Soil,Slide,24 May 2020 at 12:30 hrs.,267,372,361,100
26726,Sikkim/ North District/ 78A/11/2020/03,Sikkim,North Sikkim,"Satala Slide, Kabi",North Sikkim Highway/ Satala/Kabi,27.39838889,88.62566667,Debris cum rock,Slide,24 May 2020 at 13:50 hrs.,272,373,355,97
26727,State: Sikkim/North District/ 78A/11/2020/03.,Sikkim,North Sikkim,Kabi Landslide,State Highway; 4 km before Kabi village,27.39305556,88.63527778,Rock,Slide,"Mid-July 2018, 2 August 2018, 24 May 2020",267,407,326,101
26728,SI/ESI/ 78A11/ 2021/RP1,Sikkim,East Sikkim,Ranipool to Pakyong road slide,717A State road,27.25352778,88.60377778,Rock cum debris,Slide,"September 2020, 18-19 October 2021",271,374,356,108
26729,Sikkim/NK/78A11/2022/SP1,Sikkim,North Sikkim,Salim Pakel village,Village road,27.5401,88.56929167,Rock cum debris,Slide,2019,267,403,330,94
26730,Sikkim/NK/78A10/2022/II,Sikkim,North Sikkim,Shipgyre slide right bank of Teesta (Shipgyre Slide II),State road,27.55314167,88.62179722,Debris,Slide,2012,224,424,352,101
26731,Sikkim/North Sikkim/SV01 78A10/ 2022,Sikkim,North Sikkim,Shipgyer village,Village road,27.54975833,88.57530833,Rock cum debris,Slide,2020,226,400,375,97
26732,Sikkim/NK/78A10/2022/III,Sikkim,North Sikkim,Shipgyer slide right bank of Teesta (Shipgyer slide III),State road,27.54810833,88.60807778,Debris,Slide,2012,270,397,333,102
26733,Sikkim/NK/78A10/2022/IV,Sikkim,North Sikkim,West of Shipgyer,State road,27.55236944,88.58208333,Debris,Slide,2019,240,413,348,98
26734,SK/ES/78 A11/BG-I,Sikkim,East Sikkim,Bhojagari- I,Indira Bye Pass Road,27.36388889,88.62083333,Debris,Slide,,249,410,341,106
26735,SK/ES/78 A11/CP,Sikkim,East Sikkim,Chisopani I Landslide,Pendam-Singtam Road,27.23166667,88.5025,Debris,Slide,"July 2020, December 2020",282,369,348,115
26736,SK/ES/78 A11/CL,Sikkim,East Sikkim,Chuba Landslide,Chuba link Road,27.27458333,88.55002778,Debris,Slide,18-19 October 2021,272,379,348,103
26737,SK/ES/78 A11/SW-1,Sikkim,East Sikkim,Swastik Market Slide,NH-10,27.35694444,88.61833333,Soil,Slide,,266,420,314,107
26738,SK/ES/78 A11/DD,Sikkim,East Sikkim,Deepudada Slide,Singtam-Dikchu Road,27.25858333,88.46166667,Debris,Slide,Between April 2018 and December 2021,280,373,346,119
26739,SK/ES/78 A11/DA-I,Sikkim,East Sikkim,Development area- I (Near Little Pixes School),Development area,27.33941667,88.60990556,Soil,Slide,6 June 2021 in the morning,257,370,373,109
26740,SK/ES/78 A/07/2021/14,Sikkim,East Sikkim,Dikchu-Samdong road,Near Jurassic Park Sikkim,27.3699335,88.4859279,Debris cum rock,Slide,23 August 2021,283,342,375,105
26741,SK/SS/78 A08/DS,Sikkim,South Sikkim,Dojak Landslide,Singtam-Namchi Road,27.28955556,88.37748333,Debris,Slide,2020,289,383,328,104
26742,SK/ES/78 A11/SKIII,Sikkim,East Sikkim,Sang Khola III,Sang Khola,27.25333333,88.53194444,Rock,Slide,July 2020,293,379,328,116
26743,SK/ES/78 A11/TJ-1,Sikkim,East Sikkim,Tibetian Jhora,NH-10,27.34222222,88.60722222,Debris,Slide,,285,368,347,109
26744,SK/ES/78 A11/LB-I,Sikkim,East Sikkim,Lower Burtuk,Indra by-pass,27.35861111,88.62027778,Debris,Slide,,273,417,311,102
26745,SK/ES/78 A/11/2021/15,Sikkim,East Sikkim,Mangthang,Mangthang,27.2533846,88.5489504,Debris,Flows,22 August 2021,306,359,334,108
26746,SK/ES/78 A11/PB,Sikkim,East Sikkim,Pagla Bhir,Rumtek-Rice Valley road.,27.28666667,88.55347222,Rock cum debris,Slide,27 August 2021,269,340,391,98
26747,SK/ES/78 A11/PK,Sikkim,East Sikkim,Pakyong Slide,Pakyong Road,27.24722222,88.60666667,Debris,Slide,September 2021,286,370,344,107
26748,SK/SS/78 A08/PS,Sikkim,South Sikkim,Phalidhaara Landslide,Singtam-Namchi Road,27.17054167,88.38358056,Debris,Slide,May 2021,270,347,383,106
26749,SK/ES/78 A11/SK-II,Sikkim,East Sikkim,Sangkhola II,Sangkhola-Zingla road.,27.26066667,88.53383333,Rock cum debris,Slide,"September 2021, October 2021",291,361,348,110
26750,SK/ES/78 A11/S,Sikkim,East Sikkim,Singbel Slide,Khamdong-Dung Dung road,27.31663889,88.45861111,Debris,Slide,18th & 19th October 2021,295,337,368,118
26751,SK/ES/78 A11/SD,Sikkim,East Sikkim,Singtam-Dikchu,North Sikkim Highway,27.23444444,88.49083333,Rock,Slide,,289,367,344,118
26752,SK/ES/78 A11/SG-1,Sikkim,East Sikkim,Sisa Golai Slide I,NH-10,27.32663889,88.61016667,Debris,Subsidence,1 June 2021 at 10:30 hrs.,275,355,370,111
26753,SK/ES/78 A11/SW-II,Sikkim,East Sikkim,Swastik-II,NH-10,27.35333333,88.61666667,Debris material (>2mm to cobble size ) to boulder.,Slide,,264,400,336,104
26754,SK/ES/78 A11/TG-I,Sikkim,East Sikkim,Tamang Gompa Slide-I,Near Tamang Gompa,27.33972222,88.62055556,Debris,Slide,8 June 2021 at night,256,381,363,104
26755,SK/ES/78 A11/TVP-I,Sikkim,East Sikkim,Tashi View Point -I,National Highway to Mangan,27.37055556,88.61611111,Debris,Slide,5 June 2021 in the midnight,245,414,341,101
26756,SK/ES/78 A11/,Sikkim,North Sikkim,Tingda,State Highway Burtuk-Kabi.,27.39472222,88.62361111,Debris,Slide,"2018, July 2021",265,375,360,97
26757,SK/ES/78 A/07/2021/13,Sikkim,South Sikkim,"Tokdey block, Lingmoo",Tokdey,27.3250091,88.4704442,Debris cum rock,Slide,"2020, 23 August 2021",295,341,364,114
26758,SK/ES/78 A11/TL,Sikkim,East Sikkim,Tshalumthang Landslide,Sangkhola-Zingla Road,27.25252778,88.52777778,Debris,Slide,July 2021,296,370,334,113
26759,SK/ES/78 A11/UB-I,Sikkim,East Sikkim,Upper Burtuk slide,Indra By-Pass.,27.35805556,88.62111111,Debris,Slide,,265,420,315,103
26760,SK/NS/78 A10/ Bop 1,Sikkim,North Sikkim,Bop Slide,Chungthang-Lachung Road,27.61936111,88.66131389,Rock,Slide,18 June 2021,191,447,362,103
26761,SK/ES/78 A11/KL,Sikkim,East Sikkim,Khamdong Landslide,Singtam Dikchu Road,27.25061389,88.46280278,Debris,Slide,2021,283,362,356,121
26762,SK/NS/78 A10/Lachen Road Slide-I,Sikkim,North Sikkim,Lachen Slide,Chungthang - Lachen Road,27.69920278,88.56659722,Debris,Slide,,223,421,356,81
26763,SK/ES/78 A11/IBP-I,Sikkim,East Sikkim,Indira Bye Pass -I,Indira Bye Pass Road,27.32888889,88.60777778,Rock,Slide,18 May 2021,264,362,373,109
26764,SK/ES/78 A10/LS,Sikkim,North Sikkim,Lachung Landslide,Chungthang-Lachung Road,27.68445278,88.7379,Debris,Slide,2021,178,475,347,103
26765,SK/NS/78 A16/ Lingtam Slide-I,Sikkim,East Sikkim,Lingtam Slide,Rongli-Lingtam road,27.22122778,88.735475,Debris,Slide,18th-19th October 2021,282,364,355,103
26766,SK/ES/78A11/2021/1,Sikkim,East Sikkim,Shotak slide,"Along Burtuk Kabi Road, East of Shotak village.",27.38155556,88.63883333,Debris,Slide,September 2021.,265,401,334,98
26767,SK/ES/78 A11/PGS-I,Sikkim,East Sikkim,Paani House slide I,NH-10,27.32320833,88.60986944,Debris,Slide,19 October 2021 at 20:00 hrs.,273,361,366,110
26768,SK/SS/78 A08/SS01,Sikkim,South Sikkim,Sombaria Landslide,Jorethang-Sombaria Road,27.12344167,88.24483889,Debris,Slide,18th-19th October 2021.,279,350,370,123
26769,SK/ES/78 A11/2021/CPWD-1,Sikkim,East Sikkim,CPWD AEQ LANDSLIDE (Asst. Engineer Quarter Slide),NH-10,27.34027222,88.61273333,Debris,Slide,19 October 2021 at 18:00 hrs.,263,361,376,105
26770,SK/ES/78 A16/TL01,Sikkim,East Sikkim,Tarpin Landslide,Rorathang-Rongli Road,27.19558889,88.62802778,Debris,Slide,18th-19th October 2021.,296,372,332,117
26771,SK/NS/78 A10/ 2021/Que Khola- I,Sikkim,East Sikkim,Que Khola Landslide,Rongli-Phadamchen road,27.236,88.75722222,Debris,Slide,1 August 2021 at 16:00 hrs.,260,398,342,96
26772,SK/NS/78 A10/ 2022/Taronag Slide-I,Sikkim,East Sikkim,Taronag Slide,Rorathnag-Rongli road,27.20258333,88.65547222,Rock,Slide,18th-19th October 2021,279,378,343,106
26773,SK/ES/78 A11/2021/NPB-1,Sikkim,East Sikkim,Pagla Bhir slide,Rumtek-Sang Road through Martam Rice valley,27.28577778,88.5535,Debris,Slide,27 August 2021,269,340,391,98
26774,SK/NS/78 A10/ 2022/Manul Slide-I,Sikkim,North Sikkim,Manul Slide,Mangan - Chungthang Road,27.51473889,88.57758889,Rock,Shallow Planar slide,,277,395,328,99
26775,Sikkim/East Sikkim/ 78A10/ 2021,Sikkim,North Sikkim,Shipgyer village,NH10,27.55704444,88.57932222,Debris,Slide,2019,218,400,382,99
26776,Sikkim/East Sikkim/ 78A08/ 2022,Sikkim,East Sikkim,Bardang Tunnel slide,NH10,27.20683333,88.48930556,Debris,Slide,2021,247,373,380,117
26777,SK/SSK/78A08/ 2022/MamringI,Sikkim,South Sikkim,Mamring slide,State road Namchi-Namthang road.,27.16993889,88.51481944,Debris,Slide,September 2021,301,354,344,119
26778,SK/ESK/ 78A11/ 2021/P-I,Sikkim,East Sikkim,Pakyong (Near Farm to Table restaurant),Pakyong roads,27.25225,88.60811111,Rock cum Debris,slide,"May 2017, July-August 2021",293,366,341,109
26779,Sikkim/East Sikkim/ 78A12/ 2021,Sikkim,East Sikkim,Pakyong road near Central bank of India,"717A, state road",27.24777778,88.5975,Debris,Slide,2021,256,390,354,110
26780,SK/NSK/ 78A11/ 2021/RR-I,Sikkim,North Sikkim,Rang-Rang,NH 310A,27.47888889,88.52861111,Rock,Slide,September 2021,281,347,373,114
26781,Sikkim/Namchi/78 A07/2022/01,Sikkim,Namchi,7th Mile_ Legship-Ravangla Road,Legship-Ravangla Road,27.28847,88.30139,Debris,Slide,10 July 2022 from 8:30 hrs. to 10:00 hrs.,271,352,377,107
26782,SKM/Gangtok/78A11/2022,Sikkim,Gangtok District,14th Mile,Gangtok-Rangpo Road,27.2535,88.54141667,Debris,Slide,"August 2022, 7th-8th October 2022",306,362,332,116
26783,SKM/ Namchi/78 A07/2022/01,Sikkim,Namchi,Pathing Yang Yang Slide,Ravangla-Yang Yang Road via Pathing,27.30140833,88.3916,Debris cum rock,Slide,18 November 2022,248,403,348,103
26784,SKM/ Soreng/78 A08/2022/01,Sikkim,Soreng,01/JR/Baiguney,Jorethang-Legship Road,27.14871944,88.28128889,Debris,Slide,20 November 2022,259,362,378,120
26785,SKM/Namchi/78A08/2022/Doro p I,Sikkim,Namchi,Dorop I Slide,Melli-Jorethang Road,27.11955556,88.32275,Debris,Slide,August 2022,288,347,365,120
26786,SKM/Soreng/78A08/2022/Kamli ng/01,Sikkim,Soreng,Kamling,Jorethang-Legship Road,27.190191,88.325507,Debris,Slide,November 2022,281,363,356,121
26787,SKM/Gangtok/78A11/2022,Sikkim,Gangtok District,Lumsay Slide,Adampul road,27.32633333,88.59544444,Debris,Slide,June 2022,271,339,389,110
26788,SKM/Namchi/78A08/2022/Gom I,Sikkim,Namchi,Gom I Slide,Melli-Jorethang Road,27.11236111,88.32455556,Debris,Slide,August 2022,281,341,378,117
26789,SKM/ES/78 A11/2022/TVP-I1,Sikkim,East Sikkim,Tashi view point-II(TVP-II),"NH-10, Gangtok-Mangan highway",27.37211111,88.61671944,Debris,Slide,29 May 2022,245,414,341,101
26790,SK/ES/78 A07/Marchak,Sikkim,East Sikkim,Marchak,Gangtok-Marchak-Singtam road,27.28119444,88.58952778,Debris,Slide,11th-12th June 2022,294,368,338,115
26791,SKM/ES/78 A12/2022/Basnettgaon,Sikkim,Pakyong,Basnettgaon Landslide.,Old Pakyong Airport Road,27.24883333,88.60191667,Debris,Slide,10 October 2022,292,370,339,107
26792,SKM/ES/78 A12/2022/Kitgolai,Sikkim,Pakyong,Kitgolai Landslide,SH-717,27.21391667,88.60833333,Debris,Slide,25 August 2022,262,350,389,115
26793,SKM/ Pakyong/78 A11/2022/Lower Samsing Slide,Sikkim,Pakyong,Lower Samsing Slide,SH 717A,27.2536,88.6043,Debris,Slide,August 2022,271,374,356,108
26794,SKM/Gangtok/78A11/2023/01/ Sokpay,Sikkim,Gangtok District,Sokpay slide,"Sokpay, Dikchu-Radong road",27.39336667,88.52236944,Debris,Slide,"2016, 2019, 26 March 2023",294,333,373,110
26795,SK/ES/78 A11/Sang,Sikkim,East Sikkim,Sang,Gangtok-Singtam Road.,27.25066667,88.53144444,Rock,Slide,"July 2019, 12 May 2022",301,367,332,118
26796,,Sikkim,Gyalshing,Sardong slide,Sardong,27.26352778,88.19047222,Debris,Slide,March 2022,229,356,415,113
26797,SK/ES/78 A07/Sherwani 02,Sikkim,East Sikkim,Sherwani 02,Singtam-Sherwani road,27.24297222,88.47055556,Debris,Slide,15 June 2022,287,361,353,113
26798,SKM/Geyzing/78A08/2022/01,Sikkim,Geyzing,Sikkip,Jorethang-Legship Road,27.19950556,88.32696111,Debris,Slide,"October 2020, 20 August 2022",278,343,379,117
26799,SK/ES/78 A07/Singtam,Sikkim,East Sikkim,Singtam,Singtam-Mangkha road,27.238515,88.48812389,Debris,Slide,May 2022.,264,383,354,117
26800,SKM/ Soreng /78 A08/2022/01,Sikkim,Soreng,01/JR/Sisney Temple,Jorethang-Legship Road,27.13689,88.276598,Rock,Slide,2nd week of August 2022,276,349,375,122
26801,SKM/Namchi/78A08/2022/01,Sikkim,Namchi,Sumbuk,Melli-Jorethang Road,27.09725,88.3825,Debris,Slide,August 2022,288,370,342,120
26802,SKM/Pakyong/78A12/2023,Sikkim,Pakyong,Rangpo Check Post,Gangtok-Siliguri Road,27.17748333,88.52165833,Debris,Slide,"July 2020, 4 October 2023",260,372,368,121
26803,SKM/ND/78A08/2023/ Kitam,Sikkim,Namchi,Kitam Landslide,"Kitam Village, Namchi District, Sikkim",27.10570556,88.35308056,Debris,Slide,"2018, 1st week of October 2024",264,364,372,115
26804,SKM/GD/78 A011/2023/ Luing,Sikkim,Gangtok District,Luing Landslide,"Luing Village, Gangtok",27.36552778,88.61596667,Debris,Slide,2nd Week of March 2023,259,407,334,104
26805,SKM/MAN/78A10/10/2023,Sikkim,Mangan,Naga,Gangtok-Chungthang Road,27.54308333,88.62675,Debris,Slide,,282,372,346,104
26806,SKM/MAN/78A11/11/2023,Sikkim,Mangan,South Dikchu,Dikchu-Makha Road,27.40251944,88.51868056,Debris,Slide,4 October 2023,299,334,366,115
26807,SKM/ND/78 A03/2023/Muyung- 02,Sikkim,Namchi,Muyung-02 Landslide,"Muyung Village, Dentam- Namchi SH.",27.27872778,88.12502778,Debris,Flow,"2020, 23 September 2023",233,390,377,96
26808,SI/GAN/78A07/2024/48,Sikkim,Gangtok District,Dipudara landslide,"NHPC Teesta-V, Singtam-Dikchu road",27.2525,88.4606,Rock,Slide,21 August 2024,273,373,354,123
26809,SI/GAN/78A08/2025/01,Sikkim,Gangtok District,Dochum,"Dochum, Singtam-Dickchu road",27.248882,88.476747,Debris,Slide,"2022, Jun 2024",303,363,334,120
26810,SI/MAN/78A11/2025/1,Sikkim,Mangan,Phensang Landslide,NH-310A,27.4432,88.6087,Debris,Slide,21 July 2024,252,434,313,99
26811,SI/GYA/78A03/2025/01,Sikkim,Gyalshing,Rimbi,"Upper Rimbi, Rimbi-Tingbrum Gram Panchayat",27.327977,88.152281,Debris,Slide,11 September 2025,240,425,335,106
26812,SI/GTK/78A11/2025/02,Sikkim,Gangtok District,Tintek Landslide,"SH, Tintek Village, Gangtok District, Sikkim",27.372611,88.541022,Debris,Slide,19 July 2025,231,362,407,103
26813,SI/GTK/78A11/2025/03,Sikkim,Gangtok District,Upper Sichey Landslide,"Near Tamang Gumpa, Gangtok District, Sikkim",27.33787,88.609377,Debris,Slide,31 July 2025 at 18:30 hrs.,266,367,368,111
26814,SK- 24/2011,Sikkim,West district,Tikjuk landslide,Gyalshim – Dantam Road,27.29166667,88.22,Debris cum rock,,24 June 2011 at 23:30 hrs.,273,327,400,104
26815,SK- 25/2011,Sikkim,West district,Pelling landslide,Gyalshim – Dantam Road,27.28777778,88.23277778,Debris cum rock,,24 June 2011 at 23:00 hrs.,245,350,405,108
26816,SKM-01/2012-13,Sikkim,East Sikkim,Saketang,Rongli-Rolep road,27.26063889,88.71438889,Debris,Slide,7 June 2012 at 4:50 hrs.,273,382,345,105
26817,SKM-02/2012-13,Sikkim,East Sikkim,Chopse Slide,Rongli-Rolep road,27.26616667,88.72697222,Debris,Slide,7 June 2012 at 4:30 hrs.,253,380,367,100
26818,SKM-03/2012-13,Sikkim,East Sikkim,Dharakham Slide,Rongli-Rolep road,27.26544444,88.72252778,Debris,Slide,7 June 2012 at 4:50 hrs.,267,389,345,99
26819,SKM-04/2012-13,Sikkim,East Sikkim,Rockse Slide 1,Panthang to Dikchu road,27.37441667,88.54505556,Rock,,13 July 2012,267,347,386,98
26820,SKM-05/2012-13,Sikkim,East Sikkim,Rockse Slide 2,Panthang to Dikchu road,27.36977778,88.54466667,Rock,,13 July 2012,306,325,369,101
26821,SKM-06/2012-13,Sikkim,North Sikkim,Pegong Slide,Mangan-Chungthang road,27.59027778,88.65394444,Debris,Slide,26 June 2012,229,434,337,99
26822,SKM-07/2012-13,Sikkim,North Sikkim,Theng Slide,On Mangan-Chungthang road,27.57502778,88.65402778,Debris,Slide,22 June 2012,241,441,318,98
26823,SKM-08/2012-13,Sikkim,North Sikkim,Tung Slide,On Mangan-Chungthang road,27.56111111,88.65452778,Debris,Slide,22 June 2012,198,429,373,102
26824,SKM-09/2012-13,Sikkim,North Sikkim,Rubom Slide,On Mangan-Chungthang road,27.52838889,88.59972222,Debris,Slide,22 June 2012,255,384,360,98
26825,SKM-10/2012-13,Sikkim,North Sikkim,Singik Slide,On Mangan-Chungthang road,27.56941667,88.65272222,Debris,Slide,22 June 2012,234,434,332,105
26826,SKM-11/2012-13,Sikkim,North Sikkim,Deodara Slide,On Mangan-Chungthang road,27.51491667,88.56313889,Debris,Slide,17 July 2012,294,353,353,96
26827,SKM/78A11/2009,Sikkim,North Sikkim,,Chandera village/Singhik Village,27.51444444,88.56777778,Debris,Slide,9 May 2009 at 14.00 hrs.,287,368,344,97
26828,7253,Sikkim,South Sikkim,NHPC TEESTA V POWER HOUSE,,27.25102,88.460004,Rock,slide,2024,273,373,354,123
